control_number;id;group;text;condition;sentence_nr;translation;reference_translation
1;CA0;TraStu;Text1;SE;2;In verschiedenen Situationen wurde der Einfluss von sozialen Verhaltensinformationen bewiesen.;Der Einfluss von sozialen Informationen auf das Verhalten wurde bereits in diversen Bereichen nachgewiesen.
2;CA0;TraStu;Text1;SE;3;Studien zeigten zum Beispiel, dass wenn den Personen aufgeführt wird, wie sie im Vergleich zu anderen darstehen, sie dann eher gewillt sind, ihren Energie- und Wasserverbrauch zu regulieren. Ausserdem neigen Sie dazu ihre ;Forschungsergebnisse zeigen beispielsweise auf, dass Personen motivierter sind, ihren Energie- und Wasserverbrauch, ihr Spenden- und Sparverhalten zu verändern, wenn ihr Verhalten mit dem von ihnen vergleichbaren Personen direkt verglichen wird.
3;CA1;TraStu;Text1;SE;2;Die Auswirkung von gesellschaftlicher Information über das Verhalten wurde in verschiedenen Settings demonstriert.;Der Einfluss von sozialen Informationen auf das Verhalten wurde bereits in diversen Bereichen nachgewiesen.
4;CA1;TraStu;Text1;SE;3;Zum Beispiel haben Untersuchungen gezeigt, dass sich die Einstellung gegenüber Energie- und Wasserverbrauch, Spenden und Sparverhalten verändert, sobald man mit ähnlichen ;Forschungsergebnisse zeigen beispielsweise auf, dass Personen motivierter sind, ihren Energie- und Wasserverbrauch, ihr Spenden- und Sparverhalten zu verändern, wenn ihr Verhalten mit dem von ihnen vergleichbaren Personen direkt verglichen wird.
5;CA2;TraStu;Text1;ELF;7;"Das Konservationsverhalten von Leuten mit hohen biosphärischen Werten wurde in der Literatur ausführlich studiert, es ist jedoch sehr wenig über die ""Individual zu Kollegen"" Vergleiche bekannt.";Während das Umweltschutzverhalten von Menschen mit ausgeprägten biosphärischen Werten in der Literatur gut dokumentiert ist, weiss man relativ wenig darüber, wie Konsumentinnen und Konsumenten auf Peer-Vergleiche reagieren.
6;CA2;TraStu;Text1;ELF;8;In dieser Studie testen wir den Effekt von sozialem Vergleich auf die Energiekonservation und ob dies auf die hohen Umweltschü;In dieser Studie testen wir, ob sozialer Vergleich einen Einfluss auf das Energiesparverhalten hat und ob dieser Einfluss von der individuellen Ausprägung der ökologischen Werte abhängt.
7;CA3;TraStu;Text1;SE;9;Eine weitere wichtige Lücke besteht beim Verständnis der Mechanismen der Reaktionen von einzelnen Individuen in Zusammenhang mit ihrem Energieverbrauch.;Eine weitere Forschungslücke ist das mangelnde Verständnis für die Mechanismen hinter den Reaktionen einer Person auf den Opower-HER in Hinsicht auf ihren Energieverbrauch. 
8;CA3;TraStu;Text1;SE;10;Die HER besteht aus verschiedenen Elementen. Es zieht folgende Elemente mit ein: einen statischen Nachbarsvergleich des Energieverbrauchs (eine deskriptive Norm), Rückmeldung zu individuellen Leistungen (eine injunktive Norm) und Tipps zum Energie;Der HER enthält verschiedene Elemente, unter anderem einen statischen Nachbarschaftsvergleich des Energieverbrauchniveaus (deskriptive Norm), Rückmeldungen dazu, wie man selbst abschneidet (injunktive Norm) und Energiespartipps.
9;CA4;TraStu;Text1;SE;3;So zeigt die Studie zum Beispiel, dass, wenn Menschen ihr Verhalten mit dem Anderer vergleichen, ähnliche Menschen dazu ermutigt werden, ihr Energie- und Wasserverbrauch, ihre Mithilfe an gemeinnützigen Projekten und ihr Sparverhalten zu ändern.;Forschungsergebnisse zeigen beispielsweise auf, dass Personen motivierter sind, ihren Energie- und Wasserverbrauch, ihr Spenden- und Sparverhalten zu verändern, wenn ihr Verhalten mit dem von ihnen vergleichbaren Personen direkt verglichen wird.
10;CA4;TraStu;Text1;SE;4;Obwohl die Interesse an der Forschung an sozialem Vergleich steigt, bleiben einige Fragen offen.;Trotz des wachsenden Interesses an sozialer Vergleichsforschung bleiben viele Fragen offen.
11;CA4;TraStu;Text1;SE;5;Vor allem ist nicht viel bekannt über die Quellen der Heterogenität, die man in Effekten von klassischen sozial;Insbesondere ist relativ wenig bekannt über die Ursachen der Heterogenität, die in den Auswirkungen von typischen Sozialvergleichsexperimenten beobachtet wurden – wie etwa beim Programm Haushalt-Elektrizitäts-Report (HER) von Opower.
12;CA5;TraStu;Text1;ELF;14;Zweitens, während Werte betreffend Umwelt dazu tendieren, bei allen während dem ganzen Leben stabil zu bleiben, kann die Umwelt-Selbstidentität beeinflusst werden, zum Beispiel, durch Informationen zum Energiesparen.;Während ökologische Werte ein Leben lang mehr oder weniger unverändert bleiben, kann ökologische Selbstidentität beispielweise durch Informationen zu Energiesparmassnahmen beeinflusst werden.
13;CA5;TraStu;Text1;ELF;15;Ein zweiter Mechanismus könnte deswegen die Informationen, die im HER geliefert werden sein, die die Umwelt-Selbstidentität erhöht.;Ein zweiter Mechanismus könnte also sein, dass die im HER enthaltenen Informationen die ökologische Selbstidentität der Konsumentinnen und Konsumenten stärken.
14;CA5;TraStu;Text1;ELF;16;Der HER stärkt der Fokus der Leute auf die Verbesserung der Umwelt, indem er biosphärische Werte aktiviert.;Durch die Aktivierung von biosphärischen Werten stärkt der HER den Fokus der Konsumentinnen und Konsumenten, zum Umweltschutz beizutragen.
15;CA5;TraStu;Text1;ELF;17;Die Analyse kombiniert Daten von einer grossen randomisierten Studie, die von Opower in Italien durchgeführt wurde, mit Daten einer Umfrage von ;Diese Analyse kombiniert Daten aus einer grossen randomisierten Studie von Opower in Italien mit Umfragedaten von Kundinnen und Kunden eines Energieversorgers.
16;CA6;TraStu;Text1;SE;8;In dieser Publikation wird erforscht, ob soziale Vergleiche das Energiesparen begünstigen, und ob dies von der Grundeinstellung zum Umweltschutz beeinflusst wird. ;In dieser Studie testen wir, ob sozialer Vergleich einen Einfluss auf das Energiesparverhalten hat und ob dieser Einfluss von der individuellen Ausprägung der ökologischen Werte abhängt.
17;CA6;TraStu;Text1;SE;9;Eine weitere Frage, welche sich gestellt hat, ist was die Beweggründe des individuellen handelns als Reaktion auf die von Opower's HER hat. ;Eine weitere Forschungslücke ist das mangelnde Verständnis für die Mechanismen hinter den Reaktionen einer Person auf den Opower-HER in Hinsicht auf ihren Energieverbrauch. 
18;CA6;TraStu;Text1;SE;10;Die HER enthält verschiedene Elemente. Dazu gehören Vergleiche zum Energieverbrauch der Nachbaren (eine deskriptive norm), feedback zur individuellen norm (eine injunktive Norm) sowie energiespartipps. ;Der HER enthält verschiedene Elemente, unter anderem einen statischen Nachbarschaftsvergleich des Energieverbrauchniveaus (deskriptive Norm), Rückmeldungen dazu, wie man selbst abschneidet (injunktive Norm) und Energiespartipps.
19;CA6;TraStu;Text1;SE;11;Ein weiteres Ziel dieses Artikels ist es potentielle Lösungsansätze zu bewerten;Ein weiteres Ziel dieser Studie ist es, mögliche Mechanismen zu überprüfen, um die Wirksamkeit des HER steigern zu können.
20;CA7;TraStu;Text1;SE;2;Der Einfluss sozialer Information auf das Verhalten wurde in einer Reihe von settings demonstriert.;Der Einfluss von sozialen Informationen auf das Verhalten wurde bereits in diversen Bereichen nachgewiesen.
21;CA7;TraStu;Text1;SE;3;Zum Beispiel zeigt die Forschung, dass es Menschen ermutigt, ihr Energie- und Wasserverbrauch, ihr Beitrag an Wohltätigkeit, und ihre Sparentscheidungen zu verändern, wenn ihnen gesagt wird, wie ihre Taten mit denen von anderen, ähnliche;Forschungsergebnisse zeigen beispielsweise auf, dass Personen motivierter sind, ihren Energie- und Wasserverbrauch, ihr Spenden- und Sparverhalten zu verändern, wenn ihr Verhalten mit dem von ihnen vergleichbaren Personen direkt verglichen wird.
22;CA8;TraStu;Text1;SE;7;Während das konservationsverhalten der Menschen mit hohe biosphährischen Ansprüchen gut dokumentiert ist in der Literatur, ist über diese Rückmeldung der Konsumenten zum Peervergleich wenig bekannt.;Während das Umweltschutzverhalten von Menschen mit ausgeprägten biosphärischen Werten in der Literatur gut dokumentiert ist, weiss man relativ wenig darüber, wie Konsumentinnen und Konsumenten auf Peer-Vergleiche reagieren.
23;CA8;TraStu;Text1;SE;8;In dieser Arbeit testen wir, ob es einen sozialen Vergleichseffekt bei Energiekonservation gibt und ob dieser Effekt abhängig davon ist, ob individuelle Personen hohe Umweltansprüche haben.;In dieser Studie testen wir, ob sozialer Vergleich einen Einfluss auf das Energiesparverhalten hat und ob dieser Einfluss von der individuellen Ausprägung der ökologischen Werte abhängt.
24;CA8;TraStu;Text1;SE;9;Eine weitere wichtige Lücke in der Forschung ist das Verstehen der Mechanik hinter den individuellen Reaktionen zu Opowers HER bezüglich der Enrgienutzung.;Eine weitere Forschungslücke ist das mangelnde Verständnis für die Mechanismen hinter den Reaktionen einer Person auf den Opower-HER in Hinsicht auf ihren Energieverbrauch. 
25;CA8;TraStu;Text1;SE;10;Das HER ;Der HER enthält verschiedene Elemente, unter anderem einen statischen Nachbarschaftsvergleich des Energieverbrauchniveaus (deskriptive Norm), Rückmeldungen dazu, wie man selbst abschneidet (injunktive Norm) und Energiespartipps.
26;CE0;TraStu;Text1;ELF;11;Ein zweites Ziel der Arbeit ist das Testen möglicher Mechanismen, die zur Wirkung von HER beitragen.;Ein weiteres Ziel dieser Studie ist es, mögliche Mechanismen zu überprüfen, um die Wirksamkeit des HER steigern zu können.
27;CE0;TraStu;Text1;ELF;12;Als Erstes testen wir, ob HER die individuelle Wahrnehmung einer Norm bezüglich Energie sparen beeinflusst.;Zuerst wird getestet, ob der HER beeinflusst, wie Einzelpersonen Normen im Bereich des Energiesparens wahrnehmen.
28;CE0;TraStu;Text1;ELF;13;Eine bewusstere Wahrnehmung einer Norm im Zusammenhang mit Energie sparen könnte den Energieverbrauch beeinflussen.;Eine stärkere Wahrnehmung der Norm, Energie zu sparen, könnte dann den Energieverbrauch beeinflussen.
29;CE0;TraStu;Text1;ELF;14;Weiter kann die umweltbezogene Selbstwahrnehmung im Gegensatz zu den umweltbezogenen Werten, die eher stabil sind, beeinflusst weden, beispielsweise durch Informationen im Zusammenhang mit ;Während ökologische Werte ein Leben lang mehr oder weniger unverändert bleiben, kann ökologische Selbstidentität beispielweise durch Informationen zu Energiesparmassnahmen beeinflusst werden.
30;CE1;TraStu;Text1;ELF;2;Der Einfluss sozialer Informationen auf das Verhalten wurde bereits in verschiedenen Settings gezeigt.;Der Einfluss von sozialen Informationen auf das Verhalten wurde bereits in diversen Bereichen nachgewiesen.
31;CE1;TraStu;Text1;ELF;3;Forschungsergebnisse zeigen, dass Menschen ihren Energie- und Wasserverbrauch ändern, andere Beträge an Wohltätigkeitsorganisationen spenden und andere Entscheidungen im Bereich Sparen treffen, wenn man ihnen sagt, wie sie im Vergleich mit ihren Mitmenschen abschneiden.;Forschungsergebnisse zeigen beispielsweise auf, dass Personen motivierter sind, ihren Energie- und Wasserverbrauch, ihr Spenden- und Sparverhalten zu verändern, wenn ihr Verhalten mit dem von ihnen vergleichbaren Personen direkt verglichen wird.
32;CE1;TraStu;Text1;ELF;4;Trotz wachsendem Interesse an Forschung im Bereich sozialer Vergleich gibt es noch einige Fragen zu klären.;Trotz des wachsenden Interesses an sozialer Vergleichsforschung bleiben viele Fragen offen.
33;CE1;TraStu;Text1;ELF;5;Insbesondere über die Ursachen der Heterogenität im Kontext  e;Insbesondere ist relativ wenig bekannt über die Ursachen der Heterogenität, die in den Auswirkungen von typischen Sozialvergleichsexperimenten beobachtet wurden – wie etwa beim Programm Haushalt-Elektrizitäts-Report (HER) von Opower.
34;CE2;TraStu;Text1;ELF;10;Das HER liefert verschiedene Elemente, von einem statischen Nachbarsvergleich des Energieverbrauchs (beschreibende Norm) über Feedbacks zur individuellen Performance (injunktive Norm) bis hin zu Energiespartipps.;Der HER enthält verschiedene Elemente, unter anderem einen statischen Nachbarschaftsvergleich des Energieverbrauchniveaus (deskriptive Norm), Rückmeldungen dazu, wie man selbst abschneidet (injunktive Norm) und Energiespartipps.
35;CE2;TraStu;Text1;ELF;11;Ein zweites Ziel dieses Dokuments ist es mögliche Mechanismen zu testen, die das HER effektiv machen.;Ein weiteres Ziel dieser Studie ist es, mögliche Mechanismen zu überprüfen, um die Wirksamkeit des HER steigern zu können.
36;CE2;TraStu;Text1;ELF;12;Zunächst testen wir, ob das HER die individuellen Aspekte im Rahmen des Energiesparens aufzeigt.;Zuerst wird getestet, ob der HER beeinflusst, wie Einzelpersonen Normen im Bereich des Energiesparens wahrnehmen.
37;CE2;TraStu;Text1;ELF;13;Ein genauerer Blick auf die Norm zum Energiesparen könnte den Energieverbrauch beeinflussen.;Eine stärkere Wahrnehmung der Norm, Energie zu sparen, könnte dann den Energieverbrauch beeinflussen.
38;CE2;TraStu;Text1;ELF;14;Während umwelt;Während ökologische Werte ein Leben lang mehr oder weniger unverändert bleiben, kann ökologische Selbstidentität beispielweise durch Informationen zu Energiesparmassnahmen beeinflusst werden.
39;CE3;TraStu;Text1;SE;9;Eine weitere wichtige Untersuchungslücke ist das Verständnis der Mechanismen hinter den Reaktionen der Individuen zu Opower's HER mit Einbezug ihres Energieverbrauchs.;Eine weitere Forschungslücke ist das mangelnde Verständnis für die Mechanismen hinter den Reaktionen einer Person auf den Opower-HER in Hinsicht auf ihren Energieverbrauch. 
40;CE3;TraStu;Text1;SE;10;HER umfasst verschiedene Elemente, wie eine statische Nachbarsvergleichung der Energieverbaucherniveaus (eine deskriptive Norm), Rückmeldung auf individuelle Performance (eine injuktive Norm) sowie Energiespartipps.;Der HER enthält verschiedene Elemente, unter anderem einen statischen Nachbarschaftsvergleich des Energieverbrauchniveaus (deskriptive Norm), Rückmeldungen dazu, wie man selbst abschneidet (injunktive Norm) und Energiespartipps.
41;CE3;TraStu;Text1;SE;11;Ein weiteres Ziel dieses Papers ist es, mögliche Mechanismen einzustufen, um HER effektiver zu machen.;Ein weiteres Ziel dieser Studie ist es, mögliche Mechanismen zu überprüfen, um die Wirksamkeit des HER steigern zu können.
42;CE3;TraStu;Text1;SE;12;Wir testen zunächst, ob HER die individuelle Wahrnehmung von Normen im Bereich des Energiesparens beeinflusst-;Zuerst wird getestet, ob der HER beeinflusst, wie Einzelpersonen Normen im Bereich des Energiesparens wahrnehmen.
43;CE4;TraStu;Text1;ELF;9;Des Weiteren wurde in der Forschung die Mechanismen hinter der individuellen Reaktion auf den Opower Home Energy Report (HER) im Bereich des Energieverbrauchs noch nicht genügend untersucht.;Eine weitere Forschungslücke ist das mangelnde Verständnis für die Mechanismen hinter den Reaktionen einer Person auf den Opower-HER in Hinsicht auf ihren Energieverbrauch. 
44;CE4;TraStu;Text1;ELF;10;Der HER besteht aus verschiedenen Bestandteilen: einen statischen Vergleich bezüglich des Energieverbrauchs mit den Nachbarn (deskriptive Norm), ;Der HER enthält verschiedene Elemente, unter anderem einen statischen Nachbarschaftsvergleich des Energieverbrauchniveaus (deskriptive Norm), Rückmeldungen dazu, wie man selbst abschneidet (injunktive Norm) und Energiespartipps.
45;CE5;TraStu;Text1;ELF;9;Eine weitere Forschungslücke stellt das Verständnis der Mechanismen hinter der Reaktion von Personen auf den Opower Home Energy Report (HER) im Bereich Energienutzung dar.;Eine weitere Forschungslücke ist das mangelnde Verständnis für die Mechanismen hinter den Reaktionen einer Person auf den Opower-HER in Hinsicht auf ihren Energieverbrauch. 
46;CE5;TraStu;Text1;ELF;10;Der HER beinhaltet verschiedene Elemente, von einem statischen Vergleich zwischen Nachbarn in Hinblick auf deren Energienutzung (deskriptive Norm), über Feedbacks, wie gut die einzelnen Personen abschneiden (injunktive Norm), bis hin zu Tipps zum Energiesparen.;Der HER enthält verschiedene Elemente, unter anderem einen statischen Nachbarschaftsvergleich des Energieverbrauchniveaus (deskriptive Norm), Rückmeldungen dazu, wie man selbst abschneidet (injunktive Norm) und Energiespartipps.
47;CE5;TraStu;Text1;ELF;11;Ein weiteres Ziel dieses Artikels ist es, die mö;Ein weiteres Ziel dieser Studie ist es, mögliche Mechanismen zu überprüfen, um die Wirksamkeit des HER steigern zu können.
48;CE6;TraStu;Text1;ELF;10;Der HER Report liefert verschiedene Elemente, von einem statischen Vergleich zwischen dem Energieverbrauch von Nachbarhaushalten (descriptive norm) über Rückmeldungen zur individuellen Performance (injunctive norm) bis hin zu Energiespartipps.;Der HER enthält verschiedene Elemente, unter anderem einen statischen Nachbarschaftsvergleich des Energieverbrauchniveaus (deskriptive Norm), Rückmeldungen dazu, wie man selbst abschneidet (injunktive Norm) und Energiespartipps.
49;CE6;TraStu;Text1;ELF;11;Ein zweites Ziel dieser Studie ist es, mögliche Mechanismen zu testen, die den HER Report effektiv machen.;Ein weiteres Ziel dieser Studie ist es, mögliche Mechanismen zu überprüfen, um die Wirksamkeit des HER steigern zu können.
50;CE6;TraStu;Text1;ELF;12;Zuerst testen wir, ob der HER Report die Eindrücke eines Individuums von der Norm im Bereich Energiesparen.;Zuerst wird getestet, ob der HER beeinflusst, wie Einzelpersonen Normen im Bereich des Energiesparens wahrnehmen.
51;CE6;TraStu;Text1;ELF;13;Ein stärkerer Eindruck der Norm in Richtung;Eine stärkere Wahrnehmung der Norm, Energie zu sparen, könnte dann den Energieverbrauch beeinflussen.
52;CE7;TraStu;Text1;ELF;2;Der Einfluss sozialer Informationen auf menschliches Verhalten wurde inverschiedenen Situationen bewiesen.;Der Einfluss von sozialen Informationen auf das Verhalten wurde bereits in diversen Bereichen nachgewiesen.
53;CE7;TraStu;Text1;ELF;3;Untersuchungen zeigen, dass es zu Veränderungen bezügl. Energie- und Wasserverbauch, sowie Beiträgen zu wohltätigen Zwecken und Energiesparenden MaSsnahmen führt, Menschen aufzuzeigen, wie ihrhandeln imvergleich it anderen Menschen aussieht.;Forschungsergebnisse zeigen beispielsweise auf, dass Personen motivierter sind, ihren Energie- und Wasserverbrauch, ihr Spenden- und Sparverhalten zu verändern, wenn ihr Verhalten mit dem von ihnen vergleichbaren Personen direkt verglichen wird.
54;CE7;TraStu;Text1;ELF;4;Trotz des wachsenden Interesses an Untersuchungen zu sozialem Vergleich verbleiben zahlreiche offene Fragen.;Trotz des wachsenden Interesses an sozialer Vergleichsforschung bleiben viele Fragen offen.
55;CE7;TraStu;Text1;ELF;5;Es ist besonders wenig bekannt über die Ursprünge von Heterogenität imzuge eines bekannten Experiments zu sozialem Vergleich, wie etwa das von Dem  Opower-Programm durch den Home Exlectricity Report bereitgestellte.;Insbesondere ist relativ wenig bekannt über die Ursachen der Heterogenität, die in den Auswirkungen von typischen Sozialvergleichsexperimenten beobachtet wurden – wie etwa beim Programm Haushalt-Elektrizitäts-Report (HER) von Opower.
56;CE7;TraStu;Text1;ELF;6;In dieser Arbeit gehen wir davon aus, dass umweltbezogene Werte eine wichtige Quelle von Heterogenität infolge des Opower-Gruppenvergleichs darstellt.;In unserer Studie stellen wir die Hypothese auf, dass die ökologischen Werte der Konsumentinnen und Konsumenten eine wichtige Ursache für die heterogenen Effekte sind, die bei den Teilnehmenden der Vergleichsstudie von Opower festgestellt wurden.
57;CE7;TraStu;Text1;ELF;7;Während das Sparvehalten von Leuten mit hohen biospherischen Werten bereits zu genüge in der Literartur behandelt wurde, ist relativ wenig über die Reaktion dieser Individuen zu Gruppenvergleichen bekan;Während das Umweltschutzverhalten von Menschen mit ausgeprägten biosphärischen Werten in der Literatur gut dokumentiert ist, weiss man relativ wenig darüber, wie Konsumentinnen und Konsumenten auf Peer-Vergleiche reagieren.
58;CE8;TraStu;Text1;SE;2;Der Einfluss der Erklärung von sozialen Verhaltensweisen wurde unter den verschiedensten Umständen nachgewiesen.;Der Einfluss von sozialen Informationen auf das Verhalten wurde bereits in diversen Bereichen nachgewiesen.
59;CE8;TraStu;Text1;SE;3;Die Forschung zeigt zum Beispiel, dass der Vergleich des Handelns und Tuns de;Forschungsergebnisse zeigen beispielsweise auf, dass Personen motivierter sind, ihren Energie- und Wasserverbrauch, ihr Spenden- und Sparverhalten zu verändern, wenn ihr Verhalten mit dem von ihnen vergleichbaren Personen direkt verglichen wird.
60;CE9;TraStu;Text1;ELF;2;Der Einfluss soziales Informationen auf das Verhalten einer Person wurde bereits in den unterschiedlichsten Feldern nachgewiesen.;Der Einfluss von sozialen Informationen auf das Verhalten wurde bereits in diversen Bereichen nachgewiesen.
61;CE9;TraStu;Text1;ELF;3;Die Forschung hat gezeigt, dass Menschen Ihren Energie- und Wassergebrauch, Ihre Spenden für wohltätige Zwecke und ihre Sparentscheide anpassen, wenn man ihnen sagt, wie ihre Handlungen im Vergleich mit denen anderer, ähnlicher Menschen ausfallen.;Forschungsergebnisse zeigen beispielsweise auf, dass Personen motivierter sind, ihren Energie- und Wasserverbrauch, ihr Spenden- und Sparverhalten zu verändern, wenn ihr Verhalten mit dem von ihnen vergleichbaren Personen direkt verglichen wird.
62;CE9;TraStu;Text1;ELF;4;Trotz des wachsenden Interesses an Forschung zu sozialen Vergleichen sind noch einige Fragen offen.;Trotz des wachsenden Interesses an sozialer Vergleichsforschung bleiben viele Fragen offen.
63;CE9;TraStu;Text1;ELF;5;Insbesondere ist noch relativ wenig dazu bekannt, woher Heterogenitätseffekte bei einem bekannten Experiment zum sozialen Vergleich wie dem durch das Opower-Programm mit dem Home Electricity Report durchgeführten stammen.;Insbesondere ist relativ wenig bekannt über die Ursachen der Heterogenität, die in den Auswirkungen von typischen Sozialvergleichsexperimenten beobachtet wurden – wie etwa beim Programm Haushalt-Elektrizitäts-Report (HER) von Opower.
64;CE9;TraStu;Text1;ELF;6;In unserer Arbeit stellen wir die Vermutung auf, dass U;In unserer Studie stellen wir die Hypothese auf, dass die ökologischen Werte der Konsumentinnen und Konsumenten eine wichtige Ursache für die heterogenen Effekte sind, die bei den Teilnehmenden der Vergleichsstudie von Opower festgestellt wurden.
65;CF0;TraStu;Text1;ELF;2;Der Einfluss von sozialen Informationen auf das Verhalten wurde  in verschiedenen Settings gezeigt.;Der Einfluss von sozialen Informationen auf das Verhalten wurde bereits in diversen Bereichen nachgewiesen.
66;CF0;TraStu;Text1;ELF;3;Die Forschung zeigt, dass, wenn Mens;Forschungsergebnisse zeigen beispielsweise auf, dass Personen motivierter sind, ihren Energie- und Wasserverbrauch, ihr Spenden- und Sparverhalten zu verändern, wenn ihr Verhalten mit dem von ihnen vergleichbaren Personen direkt verglichen wird.
67;CF1;TraStu;Text1;ELF;8;In der vorliegenden Studie wird der Effekt von sozialem Vergleich in Bezug auf Energiesparen getestet und inwiefern dies auf dem Aspekt beruht, ob Tespersonen hohe Verbrauchswerte gutheissen.;In dieser Studie testen wir, ob sozialer Vergleich einen Einfluss auf das Energiesparverhalten hat und ob dieser Einfluss von der individuellen Ausprägung der ökologischen Werte abhängt.
68;CF1;TraStu;Text1;ELF;9;Eine weitere wichtige Forschungslücke  sind das Verstehen der Mechanismen hinter der Reaktion eines Individuums auf den OPower Home Energy Report (HER) in Bezug auf den Energieverbrauch.;Eine weitere Forschungslücke ist das mangelnde Verständnis für die Mechanismen hinter den Reaktionen einer Person auf den Opower-HER in Hinsicht auf ihren Energieverbrauch. 
69;CF1;TraStu;Text1;ELF;10;Der HER beinhaltet vier wichtige Elem;Der HER enthält verschiedene Elemente, unter anderem einen statischen Nachbarschaftsvergleich des Energieverbrauchniveaus (deskriptive Norm), Rückmeldungen dazu, wie man selbst abschneidet (injunktive Norm) und Energiespartipps.
70;CF2;TraStu;Text1;SE;2;Der Einfluss von sozialen Informationen auf das Verhalten wurde in verschiedenen Settings gezeigt.;Der Einfluss von sozialen Informationen auf das Verhalten wurde bereits in diversen Bereichen nachgewiesen.
71;CF2;TraStu;Text1;SE;3;Forschung hat zum Beispiel gezeigt, dass durch das Informieren der Leute über ihre Tätigkeiten im Vergleich zu anderen, ähnlichen Leuten, ermutigt sie, ihren Energie- und Wasserverbrauch, ihren Beitrag zu charitable Gründen und ihre Spar-Entscheidungen zu ändern.;Forschungsergebnisse zeigen beispielsweise auf, dass Personen motivierter sind, ihren Energie- und Wasserverbrauch, ihr Spenden- und Sparverhalten zu verändern, wenn ihr Verhalten mit dem von ihnen vergleichbaren Personen direkt verglichen wird.
72;CF2;TraStu;Text1;SE;4;Trotz eines wachsenden Interesse in social comparison research bleiben jedoch einige Fragen offen.;Trotz des wachsenden Interesses an sozialer Vergleichsforschung bleiben viele Fragen offen.
73;CF2;TraStu;Text1;SE;5;Insbesondere ist wenig bekannt über die Quellen der Heterogenität, die in den be;Insbesondere ist relativ wenig bekannt über die Ursachen der Heterogenität, die in den Auswirkungen von typischen Sozialvergleichsexperimenten beobachtet wurden – wie etwa beim Programm Haushalt-Elektrizitäts-Report (HER) von Opower.
74;CF4;TraStu;Text1;ELF;2;Der Einfluss von gesellschaftlichen Informationen auf das Verhalten wurde in verschiedenen Bereichen belegt.;Der Einfluss von sozialen Informationen auf das Verhalten wurde bereits in diversen Bereichen nachgewiesen.
75;CF4;TraStu;Text1;ELF;3;Die Forschung belegt, dass Menschen ihren Energie- und Wasserverbrauch, ihre Spenden für wohltätige Zwecke und ihre Sparmassnahmen anpassen, wenn ihnen die Verhaltensweisen von Menschen in ähnlichen Situationen vorgelegt werden.;Forschungsergebnisse zeigen beispielsweise auf, dass Personen motivierter sind, ihren Energie- und Wasserverbrauch, ihr Spenden- und Sparverhalten zu verändern, wenn ihr Verhalten mit dem von ihnen vergleichbaren Personen direkt verglichen wird.
76;CF4;TraStu;Text1;ELF;4;Auch wenn das Interesse an der Forschung zu Sozialem Vergleich ansteigt, bleiben noch einige Fragen offen.;Trotz des wachsenden Interesses an sozialer Vergleichsforschung bleiben viele Fragen offen.
77;CF4;TraStu;Text1;ELF;5;So ist zum Beispiel relativ wenig über die Heterogenitätsquell;Insbesondere ist relativ wenig bekannt über die Ursachen der Heterogenität, die in den Auswirkungen von typischen Sozialvergleichsexperimenten beobachtet wurden – wie etwa beim Programm Haushalt-Elektrizitäts-Report (HER) von Opower.
78;CF5;TraStu;Text1;ELF;13;Eine stärkere Wahrnehmung der Norm in Richtung Energieeinsparung kann dann den Energieverbrauch beeinflussen.;Eine stärkere Wahrnehmung der Norm, Energie zu sparen, könnte dann den Energieverbrauch beeinflussen.
79;CF5;TraStu;Text1;ELF;14;Zweitens bleiben umweltbezogene Einstellungen während des Lebens mehrheitlich stabil, während umweltbezogene Selbstidentität beeinflusst werden kann, beispielsweise durch Informationen über den Energieverbrauch.;Während ökologische Werte ein Leben lang mehr oder weniger unverändert bleiben, kann ökologische Selbstidentität beispielweise durch Informationen zu Energiesparmassnahmen beeinflusst werden.
80;CF5;TraStu;Text1;ELF;15;Ein zweiter Mechanismus könnte deshalb sein, dass die Informationen, welche während dem HER zugeführt werden, die eigene umweltbezogene Selbstidentität verstärkt.;Ein zweiter Mechanismus könnte also sein, dass die im HER enthaltenen Informationen die ökologische Selbstidentität der Konsumentinnen und Konsumenten stärken.
81;CF5;TraStu;Text1;ELF;16;Durch das Aktivieren von biosphärischen Werten kann der HER den Fokus von Menschen darauf ausrichten, die Umwelt zu verbessern.;Durch die Aktivierung von biosphärischen Werten stärkt der HER den Fokus der Konsumentinnen und Konsumenten, zum Umweltschutz beizutragen.
82;CF5;TraStu;Text1;ELF;17;Die Analyse kombiniert Daten aus einem randomisierten Programm, welches von Opower in Italien durchgeführt wurde, mit Umfragedaten, welche von Endvebrauchern gesammelt wurden.;Diese Analyse kombiniert Daten aus einer grossen randomisierten Studie von Opower in Italien mit Umfragedaten von Kundinnen und Kunden eines Energieversorgers.
83;CF5;TraStu;Text1;ELF;18;Die verfügbaren Daten aus der Nutzung zeigt auf, ob eine Person die sozialen Informationen durch den Home Energy Report erhält, die Frequenz und die Art der sozialen Information, der Umgang der Kunden damit und der Energieverbrauch.;Die Daten des Energieversorgers spezifizieren, ob eine Person einen HER mit sozialen Informationen erhält, die Häufigkeit und Art der sozialen Informationen, den Umgang der Kundinnen und Kunden damit und ihren Energieverbrauch.
84;CF5;TraStu;Text1;ELF;19;Die Umfragedaten beinhalten Messungen zu um;Die Umfragedaten beinhalten Angaben zu ökologischen Werten, ökologischer Selbstidentität, sozialen Normen und anderen Haushaltsmerkmalen.
85;CI0;TraPro;Text1;ELF;11;Ein zweites Ziel dieser Arbeit ist das Testen von möglichen Menchanismen, um den HER wirksam zu machen.;Ein weiteres Ziel dieser Studie ist es, mögliche Mechanismen zu überprüfen, um die Wirksamkeit des HER steigern zu können.
86;CI0;TraPro;Text1;ELF;12;Zuerst wird getestet, ob der HER die Wahrnehmung der Norm durch die Einzelpersonen im Berich Energiesparen formt.;Zuerst wird getestet, ob der HER beeinflusst, wie Einzelpersonen Normen im Bereich des Energiesparens wahrnehmen.
87;CI0;TraPro;Text1;ELF;13;Eine stärkere Wahrnehmung der Norm in Richtung Energiesparen könnte den Energieverbrauch beeinflussen.;Eine stärkere Wahrnehmung der Norm, Energie zu sparen, könnte dann den Energieverbrauch beeinflussen.
88;CI0;TraPro;Text1;ELF;14;Zweitens, während ökologische Werte im Leben aller stabil bleiben, kann die ökologische Selbstidentität beeinflusst werden, beispielsweise durch Information in Bezug auf das Energiesparen.;Während ökologische Werte ein Leben lang mehr oder weniger unverändert bleiben, kann ökologische Selbstidentität beispielweise durch Informationen zu Energiesparmassnahmen beeinflusst werden.
89;CI0;TraPro;Text1;ELF;15;Ein zweiter Mechanismus könnte folglich sein, dass die im HER gelieferte Information die ökologische Selbstidentität einer Person steigert.;Ein zweiter Mechanismus könnte also sein, dass die im HER enthaltenen Informationen die ökologische Selbstidentität der Konsumentinnen und Konsumenten stärken.
90;CI0;TraPro;Text1;ELF;16;Durch die Aktivierung von biosphärischen Werten stärkt der HER den Fokus der Personen zugunsten der Umwelt.;Durch die Aktivierung von biosphärischen Werten stärkt der HER den Fokus der Konsumentinnen und Konsumenten, zum Umweltschutz beizutragen.
91;CI0;TraPro;Text1;ELF;17;Die Analyse kombiniert Daten aus einem grossen randomized Programm, das von Opower in Italien durchgeführt wurde und bei dem die Studiendaten von Energieverbrauchern gesammelt wurden.;Diese Analyse kombiniert Daten aus einer grossen randomisierten Studie von Opower in Italien mit Umfragedaten von Kundinnen und Kunden eines Energieversorgers.
92;CI0;TraPro;Text1;ELF;18;Die verfügbaren Energiedaten ;Die Daten des Energieversorgers spezifizieren, ob eine Person einen HER mit sozialen Informationen erhält, die Häufigkeit und Art der sozialen Informationen, den Umgang der Kundinnen und Kunden damit und ihren Energieverbrauch.
93;CI1;TraPro;Text1;ELF;2;Der Einfluss sozialer Informationen auf das Verhalten wurde in einer Reihe verschiedener Settings aufgezeigt.;Der Einfluss von sozialen Informationen auf das Verhalten wurde bereits in diversen Bereichen nachgewiesen.
94;CI1;TraPro;Text1;ELF;3;Forschungsstudien wiesen nach, dass Menschen, wenn ihre Handlungsweisen mit denen ähnlicher Personen verglichen werden, zu einer Aenderung ihres Energie- und Wasserverbrauchs, ;Forschungsergebnisse zeigen beispielsweise auf, dass Personen motivierter sind, ihren Energie- und Wasserverbrauch, ihr Spenden- und Sparverhalten zu verändern, wenn ihr Verhalten mit dem von ihnen vergleichbaren Personen direkt verglichen wird.
95;CI2;TraPro;Text1;SE;2;Der Einfluss von sozialen Aspekten auf das Verhalten wurde in einer Mehrzahl von Situationen gezeigt.;Der Einfluss von sozialen Informationen auf das Verhalten wurde bereits in diversen Bereichen nachgewiesen.
96;CI2;TraPro;Text1;SE;3;Die Forschung zeigt beispielsweise, dass es einen Einfluss auf Menschen hat, wenn man ihnen sagt, wie andere Menschen, die ihnen ähnlich sind, handeln. So ändern sie zum Beispiel ihren Energie- oder Wasserverbrauch, ihre gemeinnützigen Tätigkeiten oder Spenden sowie ihre Sparentscheidungen.;Forschungsergebnisse zeigen beispielsweise auf, dass Personen motivierter sind, ihren Energie- und Wasserverbrauch, ihr Spenden- und Sparverhalten zu verändern, wenn ihr Verhalten mit dem von ihnen vergleichbaren Personen direkt verglichen wird.
97;CI2;TraPro;Text1;SE;4;Trotz des steigenden Interesses an sozialer, komparativer Forschung bleiben jedoch viele Fragen unbeantwortet.;Trotz des wachsenden Interesses an sozialer Vergleichsforschung bleiben viele Fragen offen.
98;CI2;TraPro;Text1;SE;5;Es ist insbesondere wenig darüber bekannt über die Gründed der Heterogenität ;Insbesondere ist relativ wenig bekannt über die Ursachen der Heterogenität, die in den Auswirkungen von typischen Sozialvergleichsexperimenten beobachtet wurden – wie etwa beim Programm Haushalt-Elektrizitäts-Report (HER) von Opower.
99;CI3;TraPro;Text1;SE;9;Eine andere entscheidende Kluft in der Forschung ist das Verständnis der Mechanismen hinter den Reaktionen von Einzelpersonen auf Opowers Her in Bezug auf Energieverbrauch.;Eine weitere Forschungslücke ist das mangelnde Verständnis für die Mechanismen hinter den Reaktionen einer Person auf den Opower-HER in Hinsicht auf ihren Energieverbrauch. 
100;CI3;TraPro;Text1;SE;10;Der HER enthält verschiedene Elemente, einschliesslich eines statischen Nachbarvergleichs von Energieverbrauchsstufen (eine deskriptive Norm), Feedback bezüglich individueller Leistung (eine Norm) sowie Energiespartipps.;Der HER enthält verschiedene Elemente, unter anderem einen statischen Nachbarschaftsvergleich des Energieverbrauchniveaus (deskriptive Norm), Rückmeldungen dazu, wie man selbst abschneidet (injunktive Norm) und Energiespartipps.
101;CI3;TraPro;Text1;SE;11;Ein weiteres Ziel dieses Berichts ist es, mögliche Mechanismen auszuarbeiten, mit denen der HER effizienter werden könnte.;Ein weiteres Ziel dieser Studie ist es, mögliche Mechanismen zu überprüfen, um die Wirksamkeit des HER steigern zu können.
102;CI3;TraPro;Text1;SE;12;Zuerst testen wir, ob der HER die Wahrnehmung von Einzelpersonen bezüglich Normen im Bereich Energiesparen beeinflusst.;Zuerst wird getestet, ob der HER beeinflusst, wie Einzelpersonen Normen im Bereich des Energiesparens wahrnehmen.
103;CI3;TraPro;Text1;SE;13;Eine stärkere Wahrnehmung der Norm, Energie zu s;Eine stärkere Wahrnehmung der Norm, Energie zu sparen, könnte dann den Energieverbrauch beeinflussen.
104;CI4;TraPro;Text1;ELF;10;HER liefert verschiedene Aspekte, angefangen bei einem statischen Vergleich zwischen Nachbarn zum Energieverbrauch (descriptive Norm), über Rückmeldungen darüber, wie gut ein Einzelner mitarbeitet (injunktive Norm), bis hin zu Energiespartipps.;Der HER enthält verschiedene Elemente, unter anderem einen statischen Nachbarschaftsvergleich des Energieverbrauchniveaus (deskriptive Norm), Rückmeldungen dazu, wie man selbst abschneidet (injunktive Norm) und Energiespartipps.
105;CI4;TraPro;Text1;ELF;11;Die Arbeit hat ausserdem zum Ziel, mögliche Mechanismen auszutesten, um HER effizient zu machen.;Ein weiteres Ziel dieser Studie ist es, mögliche Mechanismen zu überprüfen, um die Wirksamkeit des HER steigern zu können.
106;CI4;TraPro;Text1;ELF;12;Zunächst testen wir, ob durch HER die Wahrnehmung des Einzelnen;Zuerst wird getestet, ob der HER beeinflusst, wie Einzelpersonen Normen im Bereich des Energiesparens wahrnehmen.
107;CI5;TraPro;Text1;SE;7;Während das sparsame Verhalten von Personen mit hohem Bewusstsein für die Umwelt in der Forschungsliteratur ausführlich nachgewiesen ist, weiss man nur wenig über die Reaktion dieser Konsumenten azf den Vergleich mit ihren Peers.;Während das Umweltschutzverhalten von Menschen mit ausgeprägten biosphärischen Werten in der Literatur gut dokumentiert ist, weiss man relativ wenig darüber, wie Konsumentinnen und Konsumenten auf Peer-Vergleiche reagieren.
108;CI5;TraPro;Text1;SE;8;In diesem Artkel untersuchen wir, ob sich der soziale Vergleich auf den Stromverbrauch auswirkt und ob dieser Effekt davon abhängt, wie hoch die jeweiligen Personen ökologische Faktoren einordnen.;In dieser Studie testen wir, ob sozialer Vergleich einen Einfluss auf das Energiesparverhalten hat und ob dieser Einfluss von der individuellen Ausprägung der ökologischen Werte abhängt.
109;CI5;TraPro;Text1;SE;9;Eine weitere ;Eine weitere Forschungslücke ist das mangelnde Verständnis für die Mechanismen hinter den Reaktionen einer Person auf den Opower-HER in Hinsicht auf ihren Energieverbrauch. 
110;CI6;TraPro;Text1;SE;11;Ein weiteres Ziel dieser Untersuchung ist, die möglichen Mechanismen  zu bewerten, mit welchen der HER wirksamer werden könnte.;Ein weiteres Ziel dieser Studie ist es, mögliche Mechanismen zu überprüfen, um die Wirksamkeit des HER steigern zu können.
111;CI6;TraPro;Text1;SE;12;Erstens testen wir, ob der HER die individuelle Wahrnehmung von Normen im Bereich des Energiesparens beeinflusst. ;Zuerst wird getestet, ob der HER beeinflusst, wie Einzelpersonen Normen im Bereich des Energiesparens wahrnehmen.
112;CI6;TraPro;Text1;SE;13;Eine stärkere Wahrnehmung der Norm, Energie zu sparen, kann dann den Energieverbrauch beeinflussen.;Eine stärkere Wahrnehmung der Norm, Energie zu sparen, könnte dann den Energieverbrauch beeinflussen.
113;CI6;TraPro;Text1;SE;14;Werte bezüglich der Umwelt bleiben mehr oder weniger gleich während unseres Lebens, aber die Selbstidentität betreffend Umwelt kann beeinflusst werden, so zum Beispiel durch Informationen über Energieverbrauch.;Während ökologische Werte ein Leben lang mehr oder weniger unverändert bleiben, kann ökologische Selbstidentität beispielweise durch Informationen zu Energiesparmassnahmen beeinflusst werden.
114;CI6;TraPro;Text1;SE;15;Ein zweiter Mechanismus könnte deshalb sein, dass die Informationen, die der HER liefert, die Selbstidentität bezüglich Umwelt  bei den Konsumenten beeinflusst.;Ein zweiter Mechanismus könnte also sein, dass die im HER enthaltenen Informationen die ökologische Selbstidentität der Konsumentinnen und Konsumenten stärken.
115;CI6;TraPro;Text1;SE;16;Indem Werte im Bereich Biosphäre aktiviert werden, stärkt der HER den Fokus des Konsumenten auf die Vorteile der Umwelt.;Durch die Aktivierung von biosphärischen Werten stärkt der HER den Fokus der Konsumentinnen und Konsumenten, zum Umweltschutz beizutragen.
116;CI6;TraPro;Text1;SE;17;Diese Analyse kombinier;Diese Analyse kombiniert Daten aus einer grossen randomisierten Studie von Opower in Italien mit Umfragedaten von Kundinnen und Kunden eines Energieversorgers.
117;CI7;TraPro;Text1;SE;7;Obwohl das Konservationsverhalten von Personen mit hohen biosphärischen Werten in der Literatur gut dokumentiert wurde, ist über die Reaktionen dieser Konsumenten auf Vergleichsgruppen wenig bekannt.;Während das Umweltschutzverhalten von Menschen mit ausgeprägten biosphärischen Werten in der Literatur gut dokumentiert ist, weiss man relativ wenig darüber, wie Konsumentinnen und Konsumenten auf Peer-Vergleiche reagieren.
118;CI7;TraPro;Text1;SE;8;In diesem Paper anaylsieren wir, ob Sozialvergleiche einen Effekt auf den Wasserverbrauch haben, und ob dieser Effekt davon abhängig ist, wie stark eine Person ökologische Wertvorstelungen gewichten.;In dieser Studie testen wir, ob sozialer Vergleich einen Einfluss auf das Energiesparverhalten hat und ob dieser Einfluss von der individuellen Ausprägung der ökologischen Werte abhängt.
119;CI7;TraPro;Text1;SE;9;Ein weiterer wichtiger offener Punkt in der Forschung ist das Verständnis darüber, ;Eine weitere Forschungslücke ist das mangelnde Verständnis für die Mechanismen hinter den Reaktionen einer Person auf den Opower-HER in Hinsicht auf ihren Energieverbrauch. 
120;CI8;TraPro;Text1;SE;2;Der Einfluss sozialer Informationen auf das Verhalten wurde in einer Vielzahl von Settings aufgezeigt.;Der Einfluss von sozialen Informationen auf das Verhalten wurde bereits in diversen Bereichen nachgewiesen.
121;CI8;TraPro;Text1;SE;3;Die Forschung deutet beispielsweise daruf hin, dass Menschen, wenn man ihre Handlungen mit denen anderer, ähnlicher Menschen vergleicht, zu ermutigt werden, ihren Strom- und Wasserverbauch, ihre Beiträge an wohltätige Zwecke sowie ihre Sparentscheide zu;Forschungsergebnisse zeigen beispielsweise auf, dass Personen motivierter sind, ihren Energie- und Wasserverbrauch, ihr Spenden- und Sparverhalten zu verändern, wenn ihr Verhalten mit dem von ihnen vergleichbaren Personen direkt verglichen wird.
122;CI9;TraPro;Text1;ELF;2;Der Einfluss der sozialen Informationen über das Verhalten wurde in einer Reihe von Settings gezeigt.;Der Einfluss von sozialen Informationen auf das Verhalten wurde bereits in diversen Bereichen nachgewiesen.
123;CI9;TraPro;Text1;ELF;3;Forschungsergebnisse zeigen, dass Menschen, wenn man ihnen erzählt, wo ihre Handlungen im Vergleich zu anderen ähnlichen Personen stehen, ihren Energie- und Wasserverbrauch, ihren Beitrag für Wohltätigkeitszwecke und ihre Entscheidungen hinsichtlich Einsparungen ändern.;Forschungsergebnisse zeigen beispielsweise auf, dass Personen motivierter sind, ihren Energie- und Wasserverbrauch, ihr Spenden- und Sparverhalten zu verändern, wenn ihr Verhalten mit dem von ihnen vergleichbaren Personen direkt verglichen wird.
124;CI9;TraPro;Text1;ELF;4;Trotz eines zunehmenden Interesses ;Trotz des wachsenden Interesses an sozialer Vergleichsforschung bleiben viele Fragen offen.
125;CJ0;TraPro;Text1;ELF;10;Der HER liefert verschiedene Elemente, von einem statischen Vergleich im Bereich Energieverbrauch (deskritpive Norm) über Informationen dazu, wie gut einzelne Personen sind (injunktive Norm) bis zu Energiespartips.;Der HER enthält verschiedene Elemente, unter anderem einen statischen Nachbarschaftsvergleich des Energieverbrauchniveaus (deskriptive Norm), Rückmeldungen dazu, wie man selbst abschneidet (injunktive Norm) und Energiespartipps.
126;CJ0;TraPro;Text1;ELF;11;Ein zweites Ziel dieses Artikels ist  es, mögliche Mechanismen zu testen, die den HER wirksam machen.;Ein weiteres Ziel dieser Studie ist es, mögliche Mechanismen zu überprüfen, um die Wirksamkeit des HER steigern zu können.
127;CJ0;TraPro;Text1;ELF;12;Zuerst testen wir, ob der HER die individuelle Wahrnehmung der Norm im Bereich Energiesparen verändert.;Zuerst wird getestet, ob der HER beeinflusst, wie Einzelpersonen Normen im Bereich des Energiesparens wahrnehmen.
128;CJ0;TraPro;Text1;ELF;13;Eine stärkere Wahrnehmung der Norm in Richtung Energiesparen könnte dann den Energieverbrauch beeinflussen.;Eine stärkere Wahrnehmung der Norm, Energie zu sparen, könnte dann den Energieverbrauch beeinflussen.
129;CJ0;TraPro;Text1;ELF;14;Zweitens kann, während die Umweltwerte bei allen Menschen über ihr Leben eher gleich bleiben, die umweltbezogene Eigenidentität beeinflusst werden, beispielsweise über Informationen bezüglich Energiesparen.;Während ökologische Werte ein Leben lang mehr oder weniger unverändert bleiben, kann ökologische Selbstidentität beispielweise durch Informationen zu Energiesparmassnahmen beeinflusst werden.
130;CJ0;TraPro;Text1;ELF;15;Ein zw;Ein zweiter Mechanismus könnte also sein, dass die im HER enthaltenen Informationen die ökologische Selbstidentität der Konsumentinnen und Konsumenten stärken.
131;CJ1;TraPro;Text1;SE;2;Die Wirkung von sozialer Information auf das Verhalten wurde in unterschiedlichsten Settings nachgewiesen.;Der Einfluss von sozialen Informationen auf das Verhalten wurde bereits in diversen Bereichen nachgewiesen.
132;CJ1;TraPro;Text1;SE;3;Beispielsweise zeigen Untersuchungen, dass Menschen ermutigt werden, ihren Energie- und Wasserverbrauch, ihre Spenden für wohltätige Zwecke und ihre Sparentscheidungen zu verändern, wenn ihnen gesagt wird, wie sie im Vergleich zu anderen, ähnlichen Menschen abschneiden.;Forschungsergebnisse zeigen beispielsweise auf, dass Personen motivierter sind, ihren Energie- und Wasserverbrauch, ihr Spenden- und Sparverhalten zu verändern, wenn ihr Verhalten mit dem von ihnen vergleichbaren Personen direkt verglichen wird.
133;CJ1;TraPro;Text1;SE;4;Obwohl das Interesse an der Forschung im Bereich des sozialen Vergleichs zunimmt, bleiben mehrere Fragen offen.;Trotz des wachsenden Interesses an sozialer Vergleichsforschung bleiben viele Fragen offen.
134;CJ1;TraPro;Text1;SE;5;Im Besonderen ist relativ wenig bekannt über die Ursachen der Heterogenität der Wirkung ;Insbesondere ist relativ wenig bekannt über die Ursachen der Heterogenität, die in den Auswirkungen von typischen Sozialvergleichsexperimenten beobachtet wurden – wie etwa beim Programm Haushalt-Elektrizitäts-Report (HER) von Opower.
135;CJ2;TraPro;Text1;ELF;10;Der HER umfasst verschiedene Elemente, von einem statischen Vergleich mit Nachbarn im Hinblick auf den Energieverbrauch (deskriptive Norm) bis hin zu Rückmeldungen, wie gut Einzelne abschneiden (injunktive Norm), und Tipps zum Energiesparen.;Der HER enthält verschiedene Elemente, unter anderem einen statischen Nachbarschaftsvergleich des Energieverbrauchniveaus (deskriptive Norm), Rückmeldungen dazu, wie man selbst abschneidet (injunktive Norm) und Energiespartipps.
136;CJ2;TraPro;Text1;ELF;11;Ein zweites Ziel dieses Papers ist das Testen möglicher Mechanismen, die den HER effektiv machen.;Ein weiteres Ziel dieser Studie ist es, mögliche Mechanismen zu überprüfen, um die Wirksamkeit des HER steigern zu können.
137;CJ2;TraPro;Text1;ELF;12;Zuerst testen wir, ob der HER die individuelle Wahrnehmung der Norm auf dem Gebiet des Energiesparens beeinflusst.;Zuerst wird getestet, ob der HER beeinflusst, wie Einzelpersonen Normen im Bereich des Energiesparens wahrnehmen.
138;CJ2;TraPro;Text1;ELF;13;Eine stärkere Wahrnehmung der Norm in Richtung Energiesparen hat möglicherweise einen Einfluss auf den Energieverbrauch.;Eine stärkere Wahrnehmung der Norm, Energie zu sparen, könnte dann den Energieverbrauch beeinflussen.
139;CJ2;TraPro;Text1;ELF;14;Zweitens, während äussere Werte im Lauf des Lebens meist stabil bleiben, kann die umweltbezogene Selbstidentität beeinflusst werden, zum Beispiel durch Informationen zum Energiesparen.;Während ökologische Werte ein Leben lang mehr oder weniger unverändert bleiben, kann ökologische Selbstidentität beispielweise durch Informationen zu Energiesparmassnahmen beeinflusst werden.
140;CJ2;TraPro;Text1;ELF;15;Ein zweiter Mechanismus ist also vielleicht, dass die im HER gelieferten Informationen die umweltbezogene Selbst-Identität erh;Ein zweiter Mechanismus könnte also sein, dass die im HER enthaltenen Informationen die ökologische Selbstidentität der Konsumentinnen und Konsumenten stärken.
141;CJ3;TraPro;Text1;SE;10;Das HER-Programm enthält verschiedene Elemente, darunter einen statischen Vergleich des Energieverbrauchlevels zwischen Nachbarn (eine deskriptive Norm), Rückmeldungen zur individuellen Leistung (eine injunktive Norm) sowie Tipps zum Energiesparen.;Der HER enthält verschiedene Elemente, unter anderem einen statischen Nachbarschaftsvergleich des Energieverbrauchniveaus (deskriptive Norm), Rückmeldungen dazu, wie man selbst abschneidet (injunktive Norm) und Energiespartipps.
142;CJ3;TraPro;Text1;SE;11;Ein weiteres Ziel dieser Arbeit ist es, mögliche Mechanismen zu evaluieren, die HER wirksamer machen könnten.;Ein weiteres Ziel dieser Studie ist es, mögliche Mechanismen zu überprüfen, um die Wirksamkeit des HER steigern zu können.
143;CJ3;TraPro;Text1;SE;12;Als Erstes testen wir, ob HER die Wahrnehmung von Normen im Bereich des Energiesparens eines Individuums beeinflusst.;Zuerst wird getestet, ob der HER beeinflusst, wie Einzelpersonen Normen im Bereich des Energiesparens wahrnehmen.
144;CJ3;TraPro;Text1;SE;13;Eine stärkere Wahrnehmung der Norm, Energie zu sparen, könnte dann den Energieverbrauch beeinflussen.;Eine stärkere Wahrnehmung der Norm, Energie zu sparen, könnte dann den Energieverbrauch beeinflussen.
145;CJ3;TraPro;Text1;SE;14;Während umweltbezogene Werte in der Regel während des ganzen Lebens stabil bleiben, kann die umweltbezogene Selbstidentität beeinflusst werden, zum Beispiel durch Informationen in Bezug auf das Energiesparen.;Während ökologische Werte ein Leben lang mehr oder weniger unverändert bleiben, kann ökologische Selbstidentität beispielweise durch Informationen zu Energiesparmassnahmen beeinflusst werden.
146;CJ3;TraPro;Text1;SE;15;Ein zweiter Mechanismus könnte deshalb sein, dass Informationen, die über HER vermittelt werden, die umweltbezogene Selbstidentität von Verbrauchern stärk;Ein zweiter Mechanismus könnte also sein, dass die im HER enthaltenen Informationen die ökologische Selbstidentität der Konsumentinnen und Konsumenten stärken.
147;CJ4;TraPro;Text1;SE;9;Eine weitere wichtige Lücke in der Forschung ist das Verständnis der Mechanismen hinter den individuellen Reaktionen auf Opower's HER betreffend Ihres Energieverbrauchs.;Eine weitere Forschungslücke ist das mangelnde Verständnis für die Mechanismen hinter den Reaktionen einer Person auf den Opower-HER in Hinsicht auf ihren Energieverbrauch. 
148;CJ4;TraPro;Text1;SE;10;HER beinhaltet verschiedene Elemente, inklusive einem statischen Nachbarsvergleich von Energieverbauchsleveln (eine deskriptive Norm), Feedback auf individuelle Handhabung (eine injunktive Norm), sowie Energiespartipps.;Der HER enthält verschiedene Elemente, unter anderem einen statischen Nachbarschaftsvergleich des Energieverbrauchniveaus (deskriptive Norm), Rückmeldungen dazu, wie man selbst abschneidet (injunktive Norm) und Energiespartipps.
149;CJ4;TraPro;Text1;SE;11;Ein weiteres Ziel dieses Papers ist es, mögliche Mechanismen auszuwerten, um HER effektiver zu gestalten.;Ein weiteres Ziel dieser Studie ist es, mögliche Mechanismen zu überprüfen, um die Wirksamkeit des HER steigern zu können.
150;CJ4;TraPro;Text1;SE;12;Zuerst testen wir, ob HER die individuelle Wahrnehmung von Normen im Bereich von Energieverbrauch formt.;Zuerst wird getestet, ob der HER beeinflusst, wie Einzelpersonen Normen im Bereich des Energiesparens wahrnehmen.
151;CJ4;TraPro;Text1;SE;13;Eine stärkere Wahrnehmung der Norm, um Energie zu sparen, könnte dann den Energieverbrauch beeinflussen.;Eine stärkere Wahrnehmung der Norm, Energie zu sparen, könnte dann den Energieverbrauch beeinflussen.
152;CJ4;TraPro;Text1;SE;14;W;Während ökologische Werte ein Leben lang mehr oder weniger unverändert bleiben, kann ökologische Selbstidentität beispielweise durch Informationen zu Energiesparmassnahmen beeinflusst werden.
153;CJ5;TraPro;Text1;ELF;8;In diesem Paper testen wir den Effekt solialen Vergleichens auf energiesparendes Verhalten und ob dieses davon abhängt, inwieweit einzelne Personen ein hohes Umweltbewusstsein haben.;In dieser Studie testen wir, ob sozialer Vergleich einen Einfluss auf das Energiesparverhalten hat und ob dieser Einfluss von der individuellen Ausprägung der ökologischen Werte abhängt.
154;CJ5;TraPro;Text1;ELF;9;Eine weitere entscheidende Forschungslücke ist das fehlendeVerständnis der Mechanimen hinter der Reaktion einzelner zum Opower Home Energy Report (HER) im Bereich Energieverbrauch.;Eine weitere Forschungslücke ist das mangelnde Verständnis für die Mechanismen hinter den Reaktionen einer Person auf den Opower-HER in Hinsicht auf ihren Energieverbrauch. 
155;CJ5;TraPro;Text1;ELF;10;Der HER führt verschiedene Elemente auf, vom einem statischen Nachbarschaftsvergleich des Energievrbrauchs (deskriptive Norm) über Rückmeldungen zum individuellen Verhal;Der HER enthält verschiedene Elemente, unter anderem einen statischen Nachbarschaftsvergleich des Energieverbrauchniveaus (deskriptive Norm), Rückmeldungen dazu, wie man selbst abschneidet (injunktive Norm) und Energiespartipps.
156;CJ6;TraPro;Text1;ELF;2;Der Einfluss sozialer Informationen auf das Verhalten wurde in verschiedenen Situationen gezeigt.;Der Einfluss von sozialen Informationen auf das Verhalten wurde bereits in diversen Bereichen nachgewiesen.
157;CJ6;TraPro;Text1;ELF;3;Untersuchungen zeigen, dass Menschen ihren Energie- und Wasserverbrauch, ihren Beitrag zu wohltätigen Projekten und ihre Sparmassnahmen ändern, wenn man ihnen sagt, wie sic ihr Verhalten gegenüber anderen vergleicht.;Forschungsergebnisse zeigen beispielsweise auf, dass Personen motivierter sind, ihren Energie- und Wasserverbrauch, ihr Spenden- und Sparverhalten zu verändern, wenn ihr Verhalten mit dem von ihnen vergleichbaren Personen direkt verglichen wird.
158;CJ6;TraPro;Text1;ELF;4;Trotz des steigenen Interesses an der Forschung zu spzialen Vergleichen bleiben noch viele Fragen offen.;Trotz des wachsenden Interesses an sozialer Vergleichsforschung bleiben viele Fragen offen.
159;CJ6;TraPro;Text1;ELF;5;Vor allem ist wenig bekannt über die Quellen der Hetegorenität bei den Auswirkungen eines gut bekannte Experiments zu sozialen Vergleichen wie demjenigen des Opower-Programms imrahmen des Home Electricity ;Insbesondere ist relativ wenig bekannt über die Ursachen der Heterogenität, die in den Auswirkungen von typischen Sozialvergleichsexperimenten beobachtet wurden – wie etwa beim Programm Haushalt-Elektrizitäts-Report (HER) von Opower.
160;CJ7;TraPro;Text1;SE;9;Eine weitere interessante Lücke in der Forschung besteht im Verständnisde Mechanismen, welche hinter den Reaktionen der Individuen bezüglich Opowers HER und ihrem Energieverbrauch stehen.;Eine weitere Forschungslücke ist das mangelnde Verständnis für die Mechanismen hinter den Reaktionen einer Person auf den Opower-HER in Hinsicht auf ihren Energieverbrauch. 
161;CJ7;TraPro;Text1;SE;10;Der HER enthält verschiedene Elemente: statischer Vergleich unter Nachbarn des Energieverbrauchs (eine deskriptive Norm), Feedback zur Eigenleistung (eine injunktive Form) sowie Tipps zum Energiesparen.;Der HER enthält verschiedene Elemente, unter anderem einen statischen Nachbarschaftsvergleich des Energieverbrauchniveaus (deskriptive Norm), Rückmeldungen dazu, wie man selbst abschneidet (injunktive Norm) und Energiespartipps.
162;CJ8;TraPro;Text1;SE;2;Der Einfluss sozialer Informationen auf das Verhalten  konnte in mehreren Settings aufgezeigt werden.;Der Einfluss von sozialen Informationen auf das Verhalten wurde bereits in diversen Bereichen nachgewiesen.
163;CJ8;TraPro;Text1;SE;3;So konnte di Forschung beispielsweise veranschaulichen, dass die Tatsache, dass den Leuten mitgeteilt wird, wie sie im Vegleich zu anderen abschneiden,;Forschungsergebnisse zeigen beispielsweise auf, dass Personen motivierter sind, ihren Energie- und Wasserverbrauch, ihr Spenden- und Sparverhalten zu verändern, wenn ihr Verhalten mit dem von ihnen vergleichbaren Personen direkt verglichen wird.
164;CJ9;TraPro;Text1;SE;11;Ein weiteres Ziel dieses Berichts besteht darin, mögliche Mechanismen auszuwerten, wie HER wirksamer werden kann.;Ein weiteres Ziel dieser Studie ist es, mögliche Mechanismen zu überprüfen, um die Wirksamkeit des HER steigern zu können.
165;CJ9;TraPro;Text1;SE;12;Zuerst wurd getestet, ob der HER die Wahrnehmungen der Personen von Normen im Bereich der Energiekonservierung beeinflusst.;Zuerst wird getestet, ob der HER beeinflusst, wie Einzelpersonen Normen im Bereich des Energiesparens wahrnehmen.
166;CJ9;TraPro;Text1;SE;13;Eine erhöhte Wahrnehmung der Norm, Energie zu sparen, könnte dann einen Einfluss auf den Energiekonsum haben.;Eine stärkere Wahrnehmung der Norm, Energie zu sparen, könnte dann den Energieverbrauch beeinflussen.
167;CJ9;TraPro;Text1;SE;14;Während umweltbezogene Werte tendenziell stabil bleiben während einem Menschenleben, kann jedoch die umweltbezogenene Identität beeinflusst werden, zum Beispiel durch Information über Energiekonservierung.;Während ökologische Werte ein Leben lang mehr oder weniger unverändert bleiben, kann ökologische Selbstidentität beispielweise durch Informationen zu Energiesparmassnahmen beeinflusst werden.
168;CJ9;TraPro;Text1;SE;15;Ein zweiter Mechanismus könnte daher darin bestehen, dass die Information, die im HER dargebotn wird, die umweltbezogene Identität der Konsumenten beeinflusst.;Ein zweiter Mechanismus könnte also sein, dass die im HER enthaltenen Informationen die ökologische Selbstidentität der Konsumentinnen und Konsumenten stärken.
169;CJ9;TraPro;Text1;SE;16;Indem biosphärische Werte aktiviert werden, stärkt der HER den Fokus der Konsumenten auf den Schutz der Umwelt.;Durch die Aktivierung von biosphärischen Werten stärkt der HER den Fokus der Konsumentinnen und Konsumenten, zum Umweltschutz beizutragen.
170;CJ9;TraPro;Text1;SE;17;Die Analyse kombiniert Daten aus einem grossen zufallsgenerierten Programm, das ;Diese Analyse kombiniert Daten aus einer grossen randomisierten Studie von Opower in Italien mit Umfragedaten von Kundinnen und Kunden eines Energieversorgers.
171;CK1;TraPro;Text1;SE;11;Ein weiteres Ziel dieser Studie ist, mögliche Mechanismen zu untersuchen, die HER effizenter gestalten.;Ein weiteres Ziel dieser Studie ist es, mögliche Mechanismen zu überprüfen, um die Wirksamkeit des HER steigern zu können.
172;CK1;TraPro;Text1;SE;12;Zuerst untersuchen wir, ob HER die Wahrnehmung der Auffassung der Normen im Bereich des Energeverbrauchs bei den Testpersonen beeinflusst.;Zuerst wird getestet, ob der HER beeinflusst, wie Einzelpersonen Normen im Bereich des Energiesparens wahrnehmen.
173;CK1;TraPro;Text1;SE;13;Eine stärkere Auffassung der Norm, Energie zu sparen, kann den Energieverbrauch beeinflussen.;Eine stärkere Wahrnehmung der Norm, Energie zu sparen, könnte dann den Energieverbrauch beeinflussen.
174;CK1;TraPro;Text1;SE;14;Während Werteeinstellungen einer Person meist ein Leben lang gleich bleiben, kann das umweltbezogene Verhalten beeinflusst werden, beispielsweise durch Informationen über das Energiesparen.;Während ökologische Werte ein Leben lang mehr oder weniger unverändert bleiben, kann ökologische Selbstidentität beispielweise durch Informationen zu Energiesparmassnahmen beeinflusst werden.
175;CK2;TraPro;Text1;SE;2;Der Einfluss sozialer Informationen auf das Verhalten wurde in unterschiedlichen Situationen aufgezeigt.;Der Einfluss von sozialen Informationen auf das Verhalten wurde bereits in diversen Bereichen nachgewiesen.
176;CK2;TraPro;Text1;SE;3;So hat die Forschung gezeigt, dass Menschen, deren Verhalten jenem vergleichbarer Personen gegenübergestellt wird, diese ermutigt, ihren Energie- und Wasserverbrauch zu reduzieren und ihren Beitrag zu wohltätigen Zwecken sowie Entscheide zu Einsparungen zu verändern.;Forschungsergebnisse zeigen beispielsweise auf, dass Personen motivierter sind, ihren Energie- und Wasserverbrauch, ihr Spenden- und Sparverhalten zu verändern, wenn ihr Verhalten mit dem von ihnen vergleichbaren Personen direkt verglichen wird.
177;CK2;TraPro;Text1;SE;4;Trotz eines grossen Interesses an vergleichender Sozialfors;Trotz des wachsenden Interesses an sozialer Vergleichsforschung bleiben viele Fragen offen.
178;CM0;Mul;Text1;SE;2;Der Einfluss von sozialen Information auf Verhaltensweisen wurde in verschiedenen Szenarien gezeigt. ;Der Einfluss von sozialen Informationen auf das Verhalten wurde bereits in diversen Bereichen nachgewiesen.
179;CM0;Mul;Text1;SE;3;Zum Beispiel, vergangene Befunde zeigen, dass, wenn man Leuten erzählt wie ihre Tätigkeiten mit denjenigen von anderen verglichen werden, es sie ermutigt, ihren Energie- und Wasserverbauch, ihre Beiträge zu gemeinnützigen Organisationen und ihre Sparverhalten zu verändern. ;Forschungsergebnisse zeigen beispielsweise auf, dass Personen motivierter sind, ihren Energie- und Wasserverbrauch, ihr Spenden- und Sparverhalten zu verändern, wenn ihr Verhalten mit dem von ihnen vergleichbaren Personen direkt verglichen wird.
180;CM0;Mul;Text1;SE;4;Trotz einem wachesendem Interesse an sozialen Vergleichsarbeiten, bleiben viele Fragen offen. ;Trotz des wachsenden Interesses an sozialer Vergleichsforschung bleiben viele Fragen offen.
181;CM0;Mul;Text1;SE;5;"Insbesondere ist nur wenig bekannt über die Quellen der Heterogenität, welche die Effekte klassischer sozialer Vergleichsexperimente beobachtet, so zum Beispiel das Opower'""s Home Electricity Report (HER) Programm. ";Insbesondere ist relativ wenig bekannt über die Ursachen der Heterogenität, die in den Auswirkungen von typischen Sozialvergleichsexperimenten beobachtet wurden – wie etwa beim Programm Haushalt-Elektrizitäts-Report (HER) von Opower.
182;CM0;Mul;Text1;SE;6;In dieser Arbeit werden wir die Hypothese aufstellen, dass eine wichtig;In unserer Studie stellen wir die Hypothese auf, dass die ökologischen Werte der Konsumentinnen und Konsumenten eine wichtige Ursache für die heterogenen Effekte sind, die bei den Teilnehmenden der Vergleichsstudie von Opower festgestellt wurden.
183;CM1;Mul;Text1;SE;10;Das HER enthält verschiedene Elemente, einschliesslich eine statische Nachbarn-Vergleich von Energieverbrauch - Levels (eine deskriptive Norm), Rückmeldung zu individueller Leistung (eine injunktive Norm) sowie Energiespartipps.;Der HER enthält verschiedene Elemente, unter anderem einen statischen Nachbarschaftsvergleich des Energieverbrauchniveaus (deskriptive Norm), Rückmeldungen dazu, wie man selbst abschneidet (injunktive Norm) und Energiespartipps.
184;CM1;Mul;Text1;SE;11;Ein weiteres Ziel dieses Artikels ist es, die möglichen Mechanismen einzuschätzen, die den HER effektiver machen.;Ein weiteres Ziel dieser Studie ist es, mögliche Mechanismen zu überprüfen, um die Wirksamkeit des HER steigern zu können.
185;CM1;Mul;Text1;SE;12;Zuerst testen wir ob der HER die Empfindung der Individuen von Normen in dem Raum der Energiesparens beeinflusst.;Zuerst wird getestet, ob der HER beeinflusst, wie Einzelpersonen Normen im Bereich des Energiesparens wahrnehmen.
186;CM1;Mul;Text1;SE;13;Eine stärkere Empfindung der Norm, energie zu sparen, könnte da die Energiekonsum beeinflussen.;Eine stärkere Wahrnehmung der Norm, Energie zu sparen, könnte dann den Energieverbrauch beeinflussen.
187;CM1;Mul;Text1;SE;14;Während Umweltwerte dazu tendiere, im Leben der Leute stabil zu bleiben, kann umweltbezogene Selbst-Identität beeinflusst werden, zum Beispiel von Information ;Während ökologische Werte ein Leben lang mehr oder weniger unverändert bleiben, kann ökologische Selbstidentität beispielweise durch Informationen zu Energiesparmassnahmen beeinflusst werden.
188;CM2;Mul;Text1;ELF;2;Der Einfluss von sozialer Infromation auf Verhaten wurde in verschiedenen Umfeldern demonstriert.;Der Einfluss von sozialen Informationen auf das Verhalten wurde bereits in diversen Bereichen nachgewiesen.
189;CM2;Mul;Text1;ELF;3;Forschung zeigt, dass wenn man Leuten erzählt wie ihre Aktionen verglichen mit denen von anderen ähnlichen Leuten sind, es dazu führt das sie ihren Energie und Wasser Verbrauch, ihre Kontributionen zu ;Forschungsergebnisse zeigen beispielsweise auf, dass Personen motivierter sind, ihren Energie- und Wasserverbrauch, ihr Spenden- und Sparverhalten zu verändern, wenn ihr Verhalten mit dem von ihnen vergleichbaren Personen direkt verglichen wird.
190;CM3;Mul;Text1;ELF;7;Während das Konservierungsverhalten von Menschen mit hohen biosphärischen Werten vielfach in der Literatur erforscht wurde, weiss man nur wenig über die Reaktionen dieser Individuen auf Peer-Vergleiche.;Während das Umweltschutzverhalten von Menschen mit ausgeprägten biosphärischen Werten in der Literatur gut dokumentiert ist, weiss man relativ wenig darüber, wie Konsumentinnen und Konsumenten auf Peer-Vergleiche reagieren.
191;CM3;Mul;Text1;ELF;8;In dieser Arbeit testen wir den Effekt des sozialen Vergleichs der Energiekonservierung und ob dies mit der Höhe des Umweltbewusstseins zusammenhängt.;In dieser Studie testen wir, ob sozialer Vergleich einen Einfluss auf das Energiesparverhalten hat und ob dieser Einfluss von der individuellen Ausprägung der ökologischen Werte abhängt.
192;CM3;Mul;Text1;ELF;9;Eine weit;Eine weitere Forschungslücke ist das mangelnde Verständnis für die Mechanismen hinter den Reaktionen einer Person auf den Opower-HER in Hinsicht auf ihren Energieverbrauch. 
193;CM4;Mul;Text1;SE;2;Der Einfluss von sozialer Information auf das Verhalten hat sich in verschiedenen Umgebungen gzeigt.;Der Einfluss von sozialen Informationen auf das Verhalten wurde bereits in diversen Bereichen nachgewiesen.
194;CM4;Mul;Text1;SE;3;Zum Beispiel, zeigt die Recherche, dass den Menschen zu sagen wie sich ihre Reaktion mit anderen vergleichen, ähnliche Menschen ermutigt ihre Enegie und Wasserkonsumation, ihr Beitrag zum guten Zweck und ihre Spar Entscheidungen anzupassen.;Forschungsergebnisse zeigen beispielsweise auf, dass Personen motivierter sind, ihren Energie- und Wasserverbrauch, ihr Spenden- und Sparverhalten zu verändern, wenn ihr Verhalten mit dem von ihnen vergleichbaren Personen direkt verglichen wird.
195;CM4;Mul;Text1;SE;4;Trotz einem wachsenden Interesse in sozialen Vergleich bleiben viel;Trotz des wachsenden Interesses an sozialer Vergleichsforschung bleiben viele Fragen offen.
196;CM5;Mul;Text1;SE;2;Der Einfluss von sozialien Information auf das Benehmen wurde in verschiedenen Situationen gezeigt.;Der Einfluss von sozialen Informationen auf das Verhalten wurde bereits in diversen Bereichen nachgewiesen.
197;CM5;Mul;Text1;SE;3;Zum Beispiel zeigt die Forschung, dass es Menschen dazu motiviert, ihren Energie- und Wasserverbrauch, ihren Beitrag für gemeinützige Fälle und ihre Entscheidungen, Energie zu sparen, anzupassen, wenn man sie mit den Akionen anderer, ihnen ähnliche Menschen, vergleict.;Forschungsergebnisse zeigen beispielsweise auf, dass Personen motivierter sind, ihren Energie- und Wasserverbrauch, ihr Spenden- und Sparverhalten zu verändern, wenn ihr Verhalten mit dem von ihnen vergleichbaren Personen direkt verglichen wird.
198;CM5;Mul;Text1;SE;4;Trotz wachsendem I;Trotz des wachsenden Interesses an sozialer Vergleichsforschung bleiben viele Fragen offen.
199;CM6;Mul;Text1;ELF;11;Ein zweiter Ansatz dieses Berichts ist, mögliche Mechanismen zu testen, die den HEr effektiv machen.;Ein weiteres Ziel dieser Studie ist es, mögliche Mechanismen zu überprüfen, um die Wirksamkeit des HER steigern zu können.
200;CM6;Mul;Text1;ELF;12;Zuerst testen wir, ob der HER die Vorstellungen der Individuen der Norm formt im Angesicht des Themas des Energieverbrauchs.;Zuerst wird getestet, ob der HER beeinflusst, wie Einzelpersonen Normen im Bereich des Energiesparens wahrnehmen.
201;CM6;Mul;Text1;ELF;13;Eine stärkere Wahrnehmung der Norm in die Richtung der Energieeinsparung könnte dann den Energieverbrauch beeinflussen.;Eine stärkere Wahrnehmung der Norm, Energie zu sparen, könnte dann den Energieverbrauch beeinflussen.
202;CM6;Mul;Text1;ELF;14;"Zweitens, während das Umweltbewusstsein in jedermann'""s Leben gleichbleibend zu sein scheint, kann die eigene Umweltidentität beeinflusst werden, zum Beispiel durch Informationen bezüglich der Energiesparung.";Während ökologische Werte ein Leben lang mehr oder weniger unverändert bleiben, kann ökologische Selbstidentität beispielweise durch Informationen zu Energiesparmassnahmen beeinflusst werden.
203;CM6;Mul;Text1;ELF;15;Ein zweiter Mechanismus könnte daher  sein, dass die Informationen, die mit dem HER übermitteltwerden, jemandes eigene Umweltidentitt vergrössern kann.;Ein zweiter Mechanismus könnte also sein, dass die im HER enthaltenen Informationen die ökologische Selbstidentität der Konsumentinnen und Konsumenten stärken.
204;CM6;Mul;Text1;ELF;16;Der HER stärkt den Fokus der Menschen darauf, der Umwelt;Durch die Aktivierung von biosphärischen Werten stärkt der HER den Fokus der Konsumentinnen und Konsumenten, zum Umweltschutz beizutragen.
205;CM7;Mul;Text1;ELF;2;Der Einfluss sozialer Informationen auf das Verhalten wurde in einer Bandbreite von Situationen demonstriert;Der Einfluss von sozialen Informationen auf das Verhalten wurde bereits in diversen Bereichen nachgewiesen.
206;CM7;Mul;Text1;ELF;3;Die Forschung zeigt, dass das Erzählen, wie die Handlungen einiger Personen zu anderen zu vergleichen sind, bringt diese Personen dazu, die Energie und den Wasserverbrauch, ihren Beitrag zu Wohlfahrtsorganisationen und ihr Einsparen zu verändern;Forschungsergebnisse zeigen beispielsweise auf, dass Personen motivierter sind, ihren Energie- und Wasserverbrauch, ihr Spenden- und Sparverhalten zu verändern, wenn ihr Verhalten mit dem von ihnen vergleichbaren Personen direkt verglichen wird.
207;CM7;Mul;Text1;ELF;4;Trotz des wachsenden Interesse in die Forschung an Sozialem Vergleich bleiben einige offene Fragen;Trotz des wachsenden Interesses an sozialer Vergleichsforschung bleiben viele Fragen offen.
208;CM7;Mul;Text1;ELF;5;Im Besonderen ist relativ wenig bekannt über die Gründe der Heterogenität des Effektes eines bekannten Experiments sozialen Vergleichs, wie das, welches von Opower program durch die Home Electrity Report bereitgestellt wurde;Insbesondere ist relativ wenig bekannt über die Ursachen der Heterogenität, die in den Auswirkungen von typischen Sozialvergleichsexperimenten beobachtet wurden – wie etwa beim Programm Haushalt-Elektrizitäts-Report (HER) von Opower.
209;CM7;Mul;Text1;ELF;6;In unserem Bericht spekulieren wir, dass Werte, die das Umweltbewusstsein betres;In unserer Studie stellen wir die Hypothese auf, dass die ökologischen Werte der Konsumentinnen und Konsumenten eine wichtige Ursache für die heterogenen Effekte sind, die bei den Teilnehmenden der Vergleichsstudie von Opower festgestellt wurden.
210;CM8;Mul;Text1;ELF;10;Der HER liefert verschiedene Elemente, von einer vergleichenden Statischen energy Verbrauchs (deskriptive Norm), über Rückmeldungen wie gut der Einzelne abschneidet (injuktive Norm), bis zu wie man einfach Energie sparen kann.;Der HER enthält verschiedene Elemente, unter anderem einen statischen Nachbarschaftsvergleich des Energieverbrauchniveaus (deskriptive Norm), Rückmeldungen dazu, wie man selbst abschneidet (injunktive Norm) und Energiespartipps.
211;CM8;Mul;Text1;ELF;11;Das zweite Ziel des Papers ist es mögliche Mechanismen den HER effectiver zu machen zu testen.;Ein weiteres Ziel dieser Studie ist es, mögliche Mechanismen zu überprüfen, um die Wirksamkeit des HER steigern zu können.
212;CM8;Mul;Text1;ELF;12;Als ersten testen wir ob der HER einen Einfluss auf ;Zuerst wird getestet, ob der HER beeinflusst, wie Einzelpersonen Normen im Bereich des Energiesparens wahrnehmen.
213;CM9;Mul;Text1;SE;2;Der Einfluss von sozialen Informationen auf das Verhalten wurde in zahlreichen Umgebungen gezeigt.;Der Einfluss von sozialen Informationen auf das Verhalten wurde bereits in diversen Bereichen nachgewiesen.
214;CM9;Mul;Text1;SE;3;Zum Beispiel, Forschungen zeigen dass das vergleichen von Handlungen mit denen Anderer, ähnliche Menschen ermutigt ihren Energie- und Wasserverbrauch an zu passen, ihre Beteiligung an gutnützige Ziele, und sparr Entscheidungen anzupassen.;Forschungsergebnisse zeigen beispielsweise auf, dass Personen motivierter sind, ihren Energie- und Wasserverbrauch, ihr Spenden- und Sparverhalten zu verändern, wenn ihr Verhalten mit dem von ihnen vergleichbaren Personen direkt verglichen wird.
215;CM9;Mul;Text1;SE;4;Trotz eines wachsendem Interesse and sozialer Vergleichs Forschung bleiben mehrere Fragen unbeantwortet.;Trotz des wachsenden Interesses an sozialer Vergleichsforschung bleiben viele Fragen offen.
216;CM9;Mul;Text1;SE;5;Spezifisch, relativ wenig ist bekannt über die Herkunft der Heterogenität des beobachteten Effekts von classic social comparison experiments, wie dem Opowers Home Electricity Report program.;Insbesondere ist relativ wenig bekannt über die Ursachen der Heterogenität, die in den Auswirkungen von typischen Sozialvergleichsexperimenten beobachtet wurden – wie etwa beim Programm Haushalt-Elektrizitäts-Report (HER) von Opower.
217;CM9;Mul;Text1;SE;6;In unserem Forschungsbericht, hypothesieren wir d;In unserer Studie stellen wir die Hypothese auf, dass die ökologischen Werte der Konsumentinnen und Konsumenten eine wichtige Ursache für die heterogenen Effekte sind, die bei den Teilnehmenden der Vergleichsstudie von Opower festgestellt wurden.
218;CN0;Mul;Text1;SE;6;In unserem Paper stellen wir die Hypothese, dass eine wichtige Quelle von heterogenen Effekten, welche in der Opower peer comparison beobachtet wurden, die umwelttechnischen Werte von KonsumentInnen sein könnte.;In unserer Studie stellen wir die Hypothese auf, dass die ökologischen Werte der Konsumentinnen und Konsumenten eine wichtige Ursache für die heterogenen Effekte sind, die bei den Teilnehmenden der Vergleichsstudie von Opower festgestellt wurden.
219;CN0;Mul;Text1;SE;7;Obwohl das Konservation-Verhalten von Personen mit hohen biosphärischen Werten gut dokumentiert ist in der Literatur, ist wenig bekannt über die Konsumenten antworten im Vergleich.;Während das Umweltschutzverhalten von Menschen mit ausgeprägten biosphärischen Werten in der Literatur gut dokumentiert ist, weiss man relativ wenig darüber, wie Konsumentinnen und Konsumenten auf Peer-Vergleiche reagieren.
220;CN0;Mul;Text1;SE;8;In diesem Paper testen wir ob es einen Effekt auf den Sozialen Vergleich der Energie Konservatin gibt und ob dieser Effekt vom Ausmass der gelebten hohen ökologischen Werte der Individuen abhängig ist.;In dieser Studie testen wir, ob sozialer Vergleich einen Einfluss auf das Energiesparverhalten hat und ob dieser Einfluss von der individuellen Ausprägung der ökologischen Werte abhängt.
221;CN0;Mul;Text1;SE;9;Ein weiterer wichtiger Gap in der Wis;Eine weitere Forschungslücke ist das mangelnde Verständnis für die Mechanismen hinter den Reaktionen einer Person auf den Opower-HER in Hinsicht auf ihren Energieverbrauch. 
222;CN1;Mul;Text1;SE;7;Während das Sparverhalten von Leuten mit hohen biosphärischen Werten in der Literatur gut erfasst worden ist, ist wenig über die Reaktion dieser Konsumenten auf sozialen Vergleich bekannt.;Während das Umweltschutzverhalten von Menschen mit ausgeprägten biosphärischen Werten in der Literatur gut dokumentiert ist, weiss man relativ wenig darüber, wie Konsumentinnen und Konsumenten auf Peer-Vergleiche reagieren.
223;CN1;Mul;Text1;SE;8;In dieser Arbeit testen wir, ob es einen Effekt von sozialem Vergleich auf den Energieverbrauch gibt, und ob dieser Effekt vom Ausmass, in welchem Individuen ein hohes Umweltbewusstsein fördern, abhängig ist.;In dieser Studie testen wir, ob sozialer Vergleich einen Einfluss auf das Energiesparverhalten hat und ob dieser Einfluss von der individuellen Ausprägung der ökologischen Werte abhängt.
224;CN1;Mul;Text1;SE;9;Eine weitere wichtige Lücke in der Forschung ist das Verständnis der Mechanismen hinter die Reaktionen von Individuen auf Opowers HER im Bezug auf ihren Energieverbrauch.;Eine weitere Forschungslücke ist das mangelnde Verständnis für die Mechanismen hinter den Reaktionen einer Person auf den Opower-HER in Hinsicht auf ihren Energieverbrauch. 
225;CN1;Mul;Text1;SE;10;Der HER b;Der HER enthält verschiedene Elemente, unter anderem einen statischen Nachbarschaftsvergleich des Energieverbrauchniveaus (deskriptive Norm), Rückmeldungen dazu, wie man selbst abschneidet (injunktive Norm) und Energiespartipps.
226;CN2;Mul;Text1;SE;8;In dieser Arbeit testen wir ob es Auswirkungen gibt aufgrund sozialer Vergleiche zum Thema Energiekonsum und ob diese Auswirkungen davon anhängig sind, inwiefern diese Individuen hohe umweltbezogene Werte haben. ;In dieser Studie testen wir, ob sozialer Vergleich einen Einfluss auf das Energiesparverhalten hat und ob dieser Einfluss von der individuellen Ausprägung der ökologischen Werte abhängt.
227;CN2;Mul;Text1;SE;9;Eine andere, wichtige Lücke in der Forschung is das verstehen von Mechanismen welche hinter den Reaktionen zu Opower's HER stehen, im Zusammenhang mit deren Energieverbrauch.;Eine weitere Forschungslücke ist das mangelnde Verständnis für die Mechanismen hinter den Reaktionen einer Person auf den Opower-HER in Hinsicht auf ihren Energieverbrauch. 
228;CN2;Mul;Text1;SE;10;Das HER beinhaltet verschiedene Elemente, dazu gehören statische Vergleiche mit Nachbarn;Der HER enthält verschiedene Elemente, unter anderem einen statischen Nachbarschaftsvergleich des Energieverbrauchniveaus (deskriptive Norm), Rückmeldungen dazu, wie man selbst abschneidet (injunktive Norm) und Energiespartipps.
229;CN3;Mul;Text1;SE;2;Der Einfluss der Sozialen Informationen bezüglich des Verhaltens wurde in verschiedenen Orten demonstriert.;Der Einfluss von sozialen Informationen auf das Verhalten wurde bereits in diversen Bereichen nachgewiesen.
230;CN3;Mul;Text1;SE;3;Zum Beispiel hat die Forschung gezeigt, dass wenn man Menschen sagt, wie sich ihre Aktionen mit denen anderer vergleichen, ähnliche Menschen dadurch ermutigt werden. ihren Strom- und Wasserverbrauch. ihre Beteiligung an Wohltätigkeit und ihre Ersparnisse zu modifizieren-;Forschungsergebnisse zeigen beispielsweise auf, dass Personen motivierter sind, ihren Energie- und Wasserverbrauch, ihr Spenden- und Sparverhalten zu verändern, wenn ihr Verhalten mit dem von ihnen vergleichbaren Personen direkt verglichen wird.
231;CN3;Mul;Text1;SE;4;Obwohl ein wachsendes Interesse an Sozialvergleichenden Recherche;Trotz des wachsenden Interesses an sozialer Vergleichsforschung bleiben viele Fragen offen.
232;CN4;Mul;Text1;ELF;4;Trotz des wachsenden Interesse in sozial vergleichenden Forschungen, bleiben einige Fragen offen.;Trotz des wachsenden Interesses an sozialer Vergleichsforschung bleiben viele Fragen offen.
233;CN4;Mul;Text1;ELF;5;Besonders wenig weiss man über die Ursprünge der Heterogenität im Effekt von einem gut bekannten sozial vergleichenden Experiment, wie jenes von der Opower program durch den Home Electricity Report zugestellte Experiment.;Insbesondere ist relativ wenig bekannt über die Ursachen der Heterogenität, die in den Auswirkungen von typischen Sozialvergleichsexperimenten beobachtet wurden – wie etwa beim Programm Haushalt-Elektrizitäts-Report (HER) von Opower.
234;CN4;Mul;Text1;ELF;6;In unserem Bericht spekulieren wir, dass umweltfreundliche Werte eine wichtige Quelle für Heterogenität im Effekt von den Opower Gruppenvergleich repräsen;In unserer Studie stellen wir die Hypothese auf, dass die ökologischen Werte der Konsumentinnen und Konsumenten eine wichtige Ursache für die heterogenen Effekte sind, die bei den Teilnehmenden der Vergleichsstudie von Opower festgestellt wurden.
235;CN5;Mul;Text1;SE;2;Die Influenz von sozialen Informationen auf das Verhalten wurde in verschiedenen Einstellungen demonstriert.;Der Einfluss von sozialen Informationen auf das Verhalten wurde bereits in diversen Bereichen nachgewiesen.
236;CN5;Mul;Text1;SE;3;Zum Beispiel indizieren Versuche, dass bei Leuten denen gesagt wird, wie sie sich mit vergleichbaren Menschen schlagen, die Leute ihre Energie und Wasserkonsum, ihre Kontribution zu Spende-Zwecken und Ihre Spar-Entscheidungen verbessernn.;Forschungsergebnisse zeigen beispielsweise auf, dass Personen motivierter sind, ihren Energie- und Wasserverbrauch, ihr Spenden- und Sparverhalten zu verändern, wenn ihr Verhalten mit dem von ihnen vergleichbaren Personen direkt verglichen wird.
237;CN5;Mul;Text1;SE;4;Trotz einem wachsendem Interesse in Sozialen Vergleich Versuchen, bleiben aber viele Fragen offen.;Trotz des wachsenden Interesses an sozialer Vergleichsforschung bleiben viele Fragen offen.
238;CN5;Mul;Text1;SE;5;Speziell ist relativ wenig;Insbesondere ist relativ wenig bekannt über die Ursachen der Heterogenität, die in den Auswirkungen von typischen Sozialvergleichsexperimenten beobachtet wurden – wie etwa beim Programm Haushalt-Elektrizitäts-Report (HER) von Opower.
239;CN6;Mul;Text1;SE;9;Eine weitere wichtige Lücke in der Literatur bildet da Verstehen von den Mechanismen der Reaktionen der Individuen auf das HER von Opower in Bezug auf ihre Energieverbrauch.;Eine weitere Forschungslücke ist das mangelnde Verständnis für die Mechanismen hinter den Reaktionen einer Person auf den Opower-HER in Hinsicht auf ihren Energieverbrauch. 
240;CN6;Mul;Text1;SE;10;Das HER beinhaltet verschiedene Elemente, insbesondere einem statischen Nachbar-Energieverbrauch-Systems (eine deskriptive Norm), Rückmeldung der individuellen Leistung (eine injunktive Norm), sowie Energiespartipps.;Der HER enthält verschiedene Elemente, unter anderem einen statischen Nachbarschaftsvergleich des Energieverbrauchniveaus (deskriptive Norm), Rückmeldungen dazu, wie man selbst abschneidet (injunktive Norm) und Energiespartipps.
241;CN6;Mul;Text1;SE;11;Ein weiteres Anliegen dieser Studie ist es, mögliche Mechanismen zu bestimmen, welche das HER effektiver machen können. ;Ein weiteres Ziel dieser Studie ist es, mögliche Mechanismen zu überprüfen, um die Wirksamkeit des HER steigern zu können.
242;CN6;Mul;Text1;SE;12;Zunächst, testen wir ob das HER die Wahrnehmung der Normen des Einzelnen beeinflusst im Bereicht der Energiekonservation.;Zuerst wird getestet, ob der HER beeinflusst, wie Einzelpersonen Normen im Bereich des Energiesparens wahrnehmen.
243;CN6;Mul;Text1;SE;13;Eine stärkere Wahrnehmung der Norm Energie zu konservieren könnte dann die En;Eine stärkere Wahrnehmung der Norm, Energie zu sparen, könnte dann den Energieverbrauch beeinflussen.
244;CQ0;Mul;Text1;SE;2;Der Einfluss von sozialen Informationen auf das Verhalten ist in einer Vielzahl von Umgebungen bewiesen worden.;Der Einfluss von sozialen Informationen auf das Verhalten wurde bereits in diversen Bereichen nachgewiesen.
245;CQ0;Mul;Text1;SE;3;Zum Beispiel deutet die Forschung darauf hin, dass Menschen, welchen gesagt wird, wie ihr Vehalten sich unterscheidet von demjenigen von anderen, ähnlichen Personen, bezüglich Energie Konsum, Wasserverbrauch, ihren Beiträgen für gemeinnützige Oganisationen und bezüglich ihren Sparmassnahmen, motiviert werden, ihr Verhalten diesbezüglich zu verändern.;Forschungsergebnisse zeigen beispielsweise auf, dass Personen motivierter sind, ihren Energie- und Wasserverbrauch, ihr Spenden- und Sparverhalten zu verändern, wenn ihr Verhalten mit dem von ihnen vergleichbaren Personen direkt verglichen wird.
246;CU0;Mul;Text1;ELF;2;Der Einfluss von sozialer Information über Verhalten wurde in verschiedensten Settings aufgezeigt.;Der Einfluss von sozialen Informationen auf das Verhalten wurde bereits in diversen Bereichen nachgewiesen.
247;CU0;Mul;Text1;ELF;3;Die Forschung zeigt, dass das Informieren der Leute, wie ihre Tätigkeiten im Verhältnis zu dem ähnlicher anderer stehen, dazu führt, dass sie ihren Energie- und Wasserverbrauch, ihre Beiträge zu wohltätigen Projekten und ihrer Sparentscheidungen anpassen.;Forschungsergebnisse zeigen beispielsweise auf, dass Personen motivierter sind, ihren Energie- und Wasserverbrauch, ihr Spenden- und Sparverhalten zu verändern, wenn ihr Verhalten mit dem von ihnen vergleichbaren Personen direkt verglichen wird.
248;CU0;Mul;Text1;ELF;4;Trotz wachsendem Interesse an der Forschunt zu sozialem Vergleich, gibt es weiterhin einige offene Fragen.;Trotz des wachsenden Interesses an sozialer Vergleichsforschung bleiben viele Fragen offen.
249;CU0;Mul;Text1;ELF;5;Genauer gesagt, ist relativ wenig über die Quelle der Heterogenität im Resultat eines sehr bekannten Experiments des sozialen Vergleichs, wie zum Beispiel desjenigen vom Opower Programm durch den Home El;Insbesondere ist relativ wenig bekannt über die Ursachen der Heterogenität, die in den Auswirkungen von typischen Sozialvergleichsexperimenten beobachtet wurden – wie etwa beim Programm Haushalt-Elektrizitäts-Report (HER) von Opower.
250;CU1;Mul;Text1;ELF;2;Der Einfluss von Information zum sozialen Hintergrund auf das Verhalten von Menschen ist schon in einer Vielzahl von Settings gezeigt worden.;Der Einfluss von sozialen Informationen auf das Verhalten wurde bereits in diversen Bereichen nachgewiesen.
251;CU1;Mul;Text1;ELF;3;Forschungsergebnisse zeigen, das Leute, denen man erklärt hat, wie ihr Verhalten sich Im Vergleich zu  ähnlichen anderen verhält, dazu neigen, ihren Energie und Wasserverbrauch  zu verringern. Dies gilt auch für ihre Spenden an;Forschungsergebnisse zeigen beispielsweise auf, dass Personen motivierter sind, ihren Energie- und Wasserverbrauch, ihr Spenden- und Sparverhalten zu verändern, wenn ihr Verhalten mit dem von ihnen vergleichbaren Personen direkt verglichen wird.
252;CU2;Mul;Text1;ELF;2;Der Einfluss von sozialer Information auf das Verhalten ist in einer Vielzahl von Umgebungen nachgewiesen worden.;Der Einfluss von sozialen Informationen auf das Verhalten wurde bereits in diversen Bereichen nachgewiesen.
253;CU2;Mul;Text1;ELF;3;Die Forschung zeigt, dass die Menschen ihren Energie- und Wasserverbrauch, ihre Spenden an wohltätige Institutionen und ihr Sparverhalten anpassen, wenn man ihnen sagt, wie ihr Verhalten sich vergleichen lässt mit Menschen in ähnlichen Umständen.;Forschungsergebnisse zeigen beispielsweise auf, dass Personen motivierter sind, ihren Energie- und Wasserverbrauch, ihr Spenden- und Sparverhalten zu verändern, wenn ihr Verhalten mit dem von ihnen vergleichbaren Personen direkt verglichen wird.
254;CU2;Mul;Text1;ELF;4;Trotz des wachsenden Interesses an sozialer Vergleichsforschung bleiben einige offene Fragen.;Trotz des wachsenden Interesses an sozialer Vergleichsforschung bleiben viele Fragen offen.
255;CU2;Mul;Text1;ELF;5;Insbesondere, weiss man relative wenig über den Ursprung der Heterogenität in Bezug auf den Effekt eines wohlbekannten Experimentes mit sozialen Vergleichen, wie es im Opower Programm zur Verfügung gestellt wird.;Insbesondere ist relativ wenig bekannt über die Ursachen der Heterogenität, die in den Auswirkungen von typischen Sozialvergleichsexperimenten beobachtet wurden – wie etwa beim Programm Haushalt-Elektrizitäts-Report (HER) von Opower.
256;CU2;Mul;Text1;ELF;6;In unserem Paper spekulieren wir, dass Umweltbewusstsein eine wichtige Quelle der Heterogenität darstellt in Bezug auf den Effekt der Opower Vergleichsstudie.;In unserer Studie stellen wir die Hypothese auf, dass die ökologischen Werte der Konsumentinnen und Konsumenten eine wichtige Ursache für die heterogenen Effekte sind, die bei den Teilnehmenden der Vergleichsstudie von Opower festgestellt wurden.
257;CU2;Mul;Text1;ELF;7;Während das Bewahru;Während das Umweltschutzverhalten von Menschen mit ausgeprägten biosphärischen Werten in der Literatur gut dokumentiert ist, weiss man relativ wenig darüber, wie Konsumentinnen und Konsumenten auf Peer-Vergleiche reagieren.
258;CU3;Mul;Text1;SE;11;Ein weiteres Ziel dieserArbeit ist es, mögliche Mechanismen auszutesten um das HER noch effektiver zu machen.;Ein weiteres Ziel dieser Studie ist es, mögliche Mechanismen zu überprüfen, um die Wirksamkeit des HER steigern zu können.
259;CU3;Mul;Text1;SE;12;Zuerst testen wir ob HER die Wahrnehmung von Normen eines Individuums im Feld der Energie... beeinflusst.;Zuerst wird getestet, ob der HER beeinflusst, wie Einzelpersonen Normen im Bereich des Energiesparens wahrnehmen.
260;CU3;Mul;Text1;SE;13;Eine stärkere Wahrnehmung der Energiesparnormen dürfte dann den Energieverbrauch beeinflussen.;Eine stärkere Wahrnehmung der Norm, Energie zu sparen, könnte dann den Energieverbrauch beeinflussen.
261;CU3;Mul;Text1;SE;14;Während Umweltwerte während eines Lebens stabil bleiben, kann die umweltbezogene Selbstidentität beeinflusst werden wie beispielsweise durch Informationen bezüglich der Energies;Während ökologische Werte ein Leben lang mehr oder weniger unverändert bleiben, kann ökologische Selbstidentität beispielweise durch Informationen zu Energiesparmassnahmen beeinflusst werden.
262;CU4;Mul;Text1;ELF;2;Der Einfluss gesellschaftlicher Informationen auf das Verhalten wurde in einer Anzahl verschiedener Settings gezeigt.;Der Einfluss von sozialen Informationen auf das Verhalten wurde bereits in diversen Bereichen nachgewiesen.
263;CU4;Mul;Text1;ELF;3;Die Forschungsergebnisse  zeigen, dass man Menschen dadurch, dass man ihnen erzählt, wie ihre Handlungen im Vergleich zu anderen Menschen dastehen, dazu bringen kann, ihren Energieverbrauch, Wasserverbrauch, ihre Beiträge zu gemeinnützigen Zwecken und ihr Sparverhalten zu verändern.;Forschungsergebnisse zeigen beispielsweise auf, dass Personen motivierter sind, ihren Energie- und Wasserverbrauch, ihr Spenden- und Sparverhalten zu verändern, wenn ihr Verhalten mit dem von ihnen vergleichbaren Personen direkt verglichen wird.
264;CU4;Mul;Text1;ELF;4;Trotz wachsendem Interesse an Soial Comparion Research bleiben mehrere Fragen offen.;Trotz des wachsenden Interesses an sozialer Vergleichsforschung bleiben viele Fragen offen.
265;CU4;Mul;Text1;ELF;5;So ist vor allem in Bezug auf die Herkunft der Heterogenität der Wirkung beka;Insbesondere ist relativ wenig bekannt über die Ursachen der Heterogenität, die in den Auswirkungen von typischen Sozialvergleichsexperimenten beobachtet wurden – wie etwa beim Programm Haushalt-Elektrizitäts-Report (HER) von Opower.
266;CU5;Mul;Text1;ELF;9;Eine weitere wichtige Lücke in der Froschungs ist das Verstehen von den Mechanismen hinter individueller Reaktion auf Die Opower Home Energy Report (HER) im Bereich Energieverbrauch.;Eine weitere Forschungslücke ist das mangelnde Verständnis für die Mechanismen hinter den Reaktionen einer Person auf den Opower-HER in Hinsicht auf ihren Energieverbrauch. 
267;CU5;Mul;Text1;ELF;10;HER vermittelt verschiedene Elemente, von einem statischen Nachbarvergleich bezüglich ENergieverbrauch (deskriptive Norm), hin zu Rückmeldungen darüber, wie gut ein Individuum performt (injunktive norm), sowie Tipps zum Energiesparen.;Der HER enthält verschiedene Elemente, unter anderem einen statischen Nachbarschaftsvergleich des Energieverbrauchniveaus (deskriptive Norm), Rückmeldungen dazu, wie man selbst abschneidet (injunktive Norm) und Energiespartipps.
268;CU5;Mul;Text1;ELF;11;Ein weiteres Ziel dieses Artikels ist es, mögliche Mechanismen zu testen, die HER effektiv machen.;Ein weiteres Ziel dieser Studie ist es, mögliche Mechanismen zu überprüfen, um die Wirksamkeit des HER steigern zu können.
269;CU5;Mul;Text1;ELF;12;Zuerst testen wir ob HER die individuelle Wahrnehmung von Norm in der Energeckp;Zuerst wird getestet, ob der HER beeinflusst, wie Einzelpersonen Normen im Bereich des Energiesparens wahrnehmen.
